CPUPXCHG Index,,,,,,,,,,,,,,,,,,,,,,,,,,,,,,,,,,,,,,,,,,,,,,,,,,,,,,,,,,,,,
,7/16/2008,8/16/2008,9/16/2008,10/16/2008,11/16/2008,12/16/2008,1/16/2009,2/16/2009,3/16/2009,4/16/2009,5/16/2009,6/16/2009,7/16/2009,8/16/2009,9/16/2009,10/16/2009,11/16/2009,12/16/2009,1/16/2010,2/16/2010,3/16/2010,4/16/2010,5/16/2010,6/16/2010,7/16/2010,8/16/2010,9/16/2010,10/16/2010,11/16/2010,12/16/2010,1/16/2011,2/16/2011,3/16/2011,4/16/2011,5/16/2011,6/16/2011,7/16/2011,8/16/2011,9/16/2011,10/16/2011,11/16/2011,12/16/2011,1/16/2012,2/16/2012,3/16/2012,4/16/2012,5/16/2012,6/16/2012,7/16/2012,8/16/2012,9/16/2012,10/16/2012,11/16/2012,12/16/2012,1/16/2013,2/16/2013,3/16/2013,4/16/2013,5/16/2013,6/16/2013,7/16/2013
Actual Direction,1,1,0,-1,-1,-1,-1,1,1,1,1,0,1,0,0,1,1,-1,0,-1,0,-1,-1,0,1,0,-1,-1,-1,0,0,1,1,-1,0,1,1,0,0,-1,0,1,0,0,-1,0,0,0,0,-1,-1,-1,1,-1,-1,1,0,-1,-1,0,0
 Allianz Dresdner Economic,1,1,1,-1,0,0,0,0,0,0,0,0,0,0,0,0,0,0,0,0,0,0,0,0,0,0,0,0,0,0,0,0,0,0,0,0,0,0,0,0,0,0,0,0,0,0,0,0,0,0,0,0,0,0,0,0,0,0,0,0,0
 BNP Paribas,1,1,1,-1,-1,-1,-1,1,1,1,1,1,1,1,1,1,1,-1,1,-1,1,-1,-1,-1,-1,1,-1,-1,-1,0,0,0,0,0,0,0,0,0,0,0,0,0,0,0,0,0,0,0,0,0,0,0,0,0,0,0,0,0,0,0,0
 Briefing.com,1,1,1,-1,-1,-1,-1,-1,-1,1,1,1,1,1,-1,1,-1,-1,1,-1,-1,-1,-1,-1,-1,1,-1,-1,-1,1,1,1,1,-1,-1,-1,1,1,1,-1,1,1,1,-1,-1,1,1,-1,1,-1,-1,-1,1,-1,-1,0,0,-1,0,-1,0
 Castle Financial,0,0,0,0,0,0,0,0,0,0,0,0,0,0,0,0,0,0,0,0,0,0,0,1,0,0,0,0,0,0,0,0,0,0,0,0,0,0,0,0,0,0,0,0,0,0,0,0,0,0,0,0,0,0,0,0,0,0,0,0,0
 DZ Bank,0,0,0,0,0,0,0,0,0,0,0,0,0,0,0,0,0,0,0,0,0,0,0,0,0,0,0,0,0,0,0,0,0,0,0,0,0,0,0,0,0,0,0,0,0,0,0,0,0,0,0,0,0,0,0,0,0,0,-1,1,1
 Goldman Sachs & Co.,1,1,1,-1,-1,-1,-1,1,1,1,1,1,1,1,-1,1,1,-1,1,-1,1,-1,-1,1,1,1,-1,-1,-1,1,1,1,1,-1,1,1,1,1,1,-1,1,1,1,1,-1,0,1,1,-1,-1,-1,-1,1,-1,-1,1,1,-1,-1,-1,-1
 Intesa Sanpaolo,1,1,1,-1,-1,-1,-1,1,1,1,1,1,1,1,1,1,1,-1,1,-1,1,-1,-1,1,1,1,-1,-1,-1,1,1,1,1,-1,-1,1,1,1,0,-1,1,1,1,1,-1,1,1,1,1,-1,-1,-1,1,-1,-1,1,-1,-1,-1,1,1
 Merrill Lynch/BAS,1,1,-1,-1,-1,-1,-1,1,1,-1,1,-1,0,-1,1,0,0,0,0,0,0,0,0,0,0,0,0,0,0,0,0,0,0,0,0,0,0,0,0,0,0,0,0,0,0,0,0,0,0,0,0,0,0,0,0,0,0,0,0,0,0
 MET Capital Advisors,0,0,0,0,0,0,0,0,0,0,0,0,0,0,0,0,0,0,0,0,0,0,0,0,0,0,0,0,0,0,0,0,0,0,0,0,0,0,0,0,0,0,1,0,0,0,0,0,0,0,0,-1,0,0,0,0,0,0,0,0,0
 Nomura Securities Intl Inc,0,0,0,0,0,0,0,0,0,0,0,0,0,0,0,0,0,0,0,0,0,0,0,0,0,0,0,0,0,0,0,0,0,0,0,0,0,0,0,0,0,0,0,0,0,0,0,0,0,0,0,0,0,0,0,0,0,0,0,1,1
 Pierian Capital,0,0,0,0,0,0,0,0,0,0,0,0,0,0,0,0,0,0,0,0,0,0,0,0,0,0,0,0,0,-1,1,0,0,0,0,0,0,0,1,0,0,0,0,0,0,0,0,0,0,0,0,0,0,0,0,0,0,0,0,0,0
 RBC Capital Markets,0,0,0,0,0,0,-1,-1,-1,1,0,1,1,1,0,1,1,-1,1,-1,1,-1,-1,1,1,0,0,0,0,0,0,0,0,0,0,0,0,0,0,0,0,0,0,0,0,0,0,0,0,0,0,0,0,0,0,0,0,0,0,0,0
 Stone & McCarthy Research,1,1,-1,-1,-1,-1,-1,1,1,1,1,1,1,1,1,1,1,-1,1,-1,1,-1,-1,1,1,1,-1,-1,-1,-1,1,1,1,-1,1,1,1,1,1,-1,1,1,1,1,-1,1,1,1,1,-1,-1,-1,1,-1,-1,-1,1,-1,-1,-1,1
Allan von Mehren Danske Bank,0,0,0,0,0,0,0,0,0,0,0,0,0,0,0,0,0,0,0,0,0,0,0,0,0,0,0,0,0,0,0,0,0,0,0,1,-1,-1,0,-1,1,1,0,1,-1,0,1,0,1,-1,-1,-1,0,0,0,0,0,0,0,0,0
Annalisa Piazza Newedge,1,0,0,-1,-1,-1,-1,1,1,1,1,1,1,1,1,1,0,0,0,0,0,0,0,0,0,1,0,-1,-1,1,1,0,1,-1,0,0,0,1,0,0,1,1,0,0,0,0,0,0,0,-1,0,0,0,0,0,0,0,0,0,0,0
Anthony Chan JPMorgan's Private Wealth Man.,1,1,1,0,-1,-1,0,1,1,1,0,0,0,0,0,0,0,0,0,0,0,0,0,0,0,0,0,0,0,0,0,0,0,0,0,0,0,0,0,0,0,0,0,0,0,0,0,0,0,0,0,0,0,0,0,0,0,0,0,0,0
Avery Shenfeld CIBC World Markets,1,1,1,-1,-1,-1,-1,1,-1,1,1,1,1,1,1,1,1,-1,1,-1,-1,-1,-1,1,1,1,-1,-1,-1,-1,1,1,1,-1,-1,-1,-1,1,1,-1,1,1,1,1,-1,1,1,1,1,-1,-1,-1,1,-1,-1,1,1,-1,-1,1,1
Bantleon Bank AG Bantleon Bank AG,1,1,1,-1,-1,-1,-1,0,1,1,1,1,1,1,1,1,0,-1,1,-1,0,-1,0,1,1,1,-1,-1,-1,1,1,0,1,-1,1,1,1,1,1,0,0,1,1,1,0,1,1,1,1,-1,-1,-1,0,0,-1,1,1,-1,-1,1,1
Bastian Hepperle WestLB AG,1,1,1,-1,-1,-1,-1,1,1,1,1,1,1,1,1,1,1,-1,1,-1,0,0,0,1,1,0,-1,-1,-1,1,1,1,1,0,1,1,1,1,1,-1,1,1,1,1,-1,1,1,1,0,0,0,0,0,0,0,0,0,0,0,0,0
Bayer/Heidrich/Riefer Deutsche Postbank AG,0,0,0,0,0,0,0,-1,1,1,1,1,1,1,1,1,1,-1,1,-1,1,-1,-1,1,1,1,-1,-1,-1,1,1,1,1,-1,1,1,1,1,1,-1,1,1,1,1,-1,1,1,1,1,-1,-1,-1,1,-1,-1,-1,1,-1,-1,1,1
Beatriz Tejero Ibersecurities,0,0,0,0,0,0,0,0,0,0,0,0,0,0,0,0,0,0,0,0,0,0,0,0,-1,0,0,0,0,0,0,0,0,0,0,0,0,0,0,0,0,0,0,0,0,0,0,0,0,0,0,0,0,0,0,0,0,0,0,0,0
Bernd Krampen Nord/LB,1,1,0,-1,-1,-1,-1,-1,1,-1,0,0,0,1,1,1,0,-1,1,-1,0,-1,-1,0,0,1,-1,-1,-1,0,1,1,1,-1,1,1,1,-1,0,-1,1,1,0,1,-1,-1,1,1,1,0,-1,-1,1,-1,0,1,0,-1,0,1,0
Besch/Luetje DekaBank,1,1,1,-1,-1,0,-1,-1,1,1,1,1,1,1,1,1,1,-1,1,-1,1,-1,-1,1,1,1,-1,-1,-1,1,1,1,1,-1,-1,1,1,1,1,-1,1,1,1,1,-1,1,-1,1,-1,-1,-1,-1,1,0,-1,1,-1,-1,-1,1,1
Beth Ann Bovino Standard & Poor's,0,0,0,0,0,0,0,0,0,0,0,0,0,0,0,0,0,0,0,0,0,0,0,0,0,0,0,0,0,0,0,0,0,0,0,0,0,0,0,0,0,0,0,0,-1,1,0,0,0,0,0,0,0,0,0,0,0,0,0,0,0
Bill Cheney John Hancock Financial,0,0,0,0,0,0,0,0,0,0,0,0,0,0,0,0,0,0,0,0,0,0,0,0,0,0,0,0,0,0,0,0,0,0,0,0,0,0,0,0,0,0,0,0,0,0,0,-1,1,-1,-1,-1,1,-1,-1,1,-1,-1,-1,0,-1
Brian M. Jones Societe Generale,0,0,0,0,0,0,0,0,0,0,0,0,0,0,0,0,0,0,0,0,0,0,0,0,0,0,0,0,-1,1,1,1,1,-1,1,-1,1,-1,1,-1,1,1,1,1,-1,1,-1,-1,1,-1,-1,-1,1,-1,-1,1,-1,-1,-1,-1,-1
Brian Mandt Deutsche Postbank AG,1,1,1,-1,-1,-1,-1,0,0,0,0,0,0,0,0,0,0,0,0,0,0,0,0,0,0,0,0,0,0,0,0,0,0,0,0,0,0,0,0,0,0,0,0,0,0,0,0,0,0,0,0,0,0,0,0,0,0,0,0,0,0
Chris Rupkey Bank of Tokyo- Mitsubishi UFJ,0,0,0,0,0,0,0,0,0,0,0,0,0,0,0,0,0,0,0,0,0,0,0,0,0,0,0,0,0,0,0,0,0,0,0,1,1,0,1,0,1,0,0,1,-1,0,0,0,0,0,-1,0,1,0,-1,1,1,0,-1,0,1
Christian Reicherter DZ Bank,1,1,-1,-1,-1,-1,-1,-1,1,1,1,1,1,1,1,1,1,0,-1,-1,1,-1,-1,-1,1,1,-1,-1,-1,1,1,1,0,-1,-1,0,0,1,-1,-1,1,1,1,1,-1,1,1,1,1,-1,-1,-1,0,0,0,0,0,0,0,0,0
Christiane Von Berg Bayerische Landesbank,0,0,0,0,0,0,0,0,0,0,0,0,0,0,0,0,0,0,0,0,0,0,0,0,0,0,0,0,0,0,0,0,0,0,0,0,0,0,0,0,0,0,0,0,0,0,0,0,0,0,0,0,0,0,0,-1,1,-1,-1,-1,1
Christoph Schroeter Bayerische Landesbank,0,0,0,0,0,0,0,0,0,0,0,0,0,0,0,0,0,0,0,0,0,0,0,0,0,1,-1,0,0,0,0,0,1,-1,-1,1,1,-1,1,-1,1,1,1,1,0,1,1,0,0,-1,-1,-1,1,-1,-1,0,0,0,0,0,0
Christophe Barraud Market Securities,0,0,0,0,0,0,0,0,0,0,0,0,0,0,0,0,0,0,0,0,0,0,0,0,0,0,0,0,0,0,0,0,0,0,0,0,0,-1,1,-1,1,1,1,1,0,1,1,1,1,-1,-1,-1,1,-1,-1,1,1,-1,-1,1,1
Christopher Low FTN Financial,1,1,-1,-1,-1,-1,-1,-1,-1,1,1,-1,0,-1,0,-1,1,-1,0,0,0,0,0,0,1,1,-1,-1,-1,-1,1,0,1,-1,1,1,1,1,1,-1,1,1,1,1,-1,1,1,1,1,-1,-1,-1,1,-1,-1,1,-1,-1,-1,-1,1
Claudia Windt Helaba,1,1,1,-1,-1,0,0,0,0,0,0,0,0,0,0,0,0,0,0,0,0,0,0,0,0,0,0,0,0,0,0,0,0,0,0,0,0,0,0,0,0,0,0,0,0,0,0,0,0,0,0,0,0,0,0,0,0,0,0,0,0
Clement Gignac National Bank Financial,1,1,-1,0,-1,-1,-1,1,1,1,0,0,0,0,0,0,0,0,0,0,0,0,0,0,0,0,0,0,0,0,0,0,0,0,0,0,0,0,0,0,0,0,0,0,0,0,0,0,0,0,0,0,0,0,0,0,0,0,0,0,0
Concepcion Sanz Banesto,0,0,0,0,0,0,0,0,0,0,0,0,0,0,0,0,0,0,0,0,0,0,0,0,0,0,-1,0,0,0,0,0,0,0,0,0,0,0,0,0,0,0,0,0,0,0,0,0,0,0,0,0,0,0,0,0,0,0,0,0,0
Crandall/Jordan Wrightson ICAP,0,1,0,-1,-1,-1,-1,1,1,1,0,1,1,1,1,1,1,-1,1,-1,1,-1,-1,1,1,1,-1,-1,-1,1,1,1,1,-1,-1,-1,-1,-1,1,-1,1,1,1,1,-1,1,1,1,1,-1,-1,-1,1,-1,-1,-1,-1,-1,-1,-1,-1
David Greenlaw Morgan Stanley & Co.,1,1,1,-1,-1,-1,-1,1,1,-1,1,1,1,1,-1,1,1,-1,0,-1,0,0,-1,1,1,1,-1,-1,-1,1,1,1,1,-1,1,1,1,1,1,-1,1,1,1,0,-1,1,1,1,1,-1,-1,-1,1,-1,-1,1,-1,0,0,0,0
David Milleker Union Investment,0,0,0,0,0,0,0,0,0,0,0,0,1,1,-1,-1,0,0,0,0,-1,0,0,-1,1,1,0,0,-1,1,1,0,1,-1,0,1,1,0,1,0,1,1,1,1,0,0,0,1,1,-1,-1,-1,1,0,-1,1,0,-1,0,1,1
David Resler Nomura Securities Intl.,1,1,1,-1,-1,-1,-1,1,1,1,1,1,-1,1,1,1,1,-1,1,-1,1,-1,-1,-1,1,1,-1,-1,-1,1,1,1,0,0,1,-1,1,0,-1,-1,1,1,-1,1,-1,1,-1,-1,1,-1,-1,-1,0,0,0,0,0,0,0,0,0
David Semmens Standard Chartered,0,0,0,0,-1,0,-1,0,0,-1,0,0,1,0,1,1,0,-1,1,-1,1,-1,-1,1,1,1,-1,-1,-1,1,1,1,1,-1,1,1,1,1,1,-1,1,1,1,1,-1,1,1,1,1,-1,-1,-1,1,-1,-1,0,0,0,0,0,0
David Sloan 4CAST Ltd.,1,1,1,-1,-1,-1,-1,1,1,1,0,1,1,1,1,1,1,-1,1,-1,1,-1,-1,-1,-1,1,-1,-1,-1,0,0,0,0,0,0,0,0,0,0,0,0,0,0,0,0,0,0,0,0,0,0,0,0,0,0,0,0,0,0,0,0
Dean Maki Barclays,1,1,1,-1,-1,-1,-1,1,1,1,1,1,1,1,1,1,1,-1,1,-1,1,-1,-1,1,1,1,-1,-1,-1,1,1,1,1,-1,-1,1,1,1,1,-1,1,1,1,1,-1,1,1,1,1,-1,-1,-1,1,-1,-1,1,1,-1,-1,1,1
Derek Holt Scotiabank,1,1,1,-1,-1,-1,-1,-1,1,1,1,1,1,1,-1,1,1,-1,1,-1,1,-1,-1,1,1,1,-1,-1,-1,1,1,1,1,-1,-1,1,-1,-1,-1,-1,1,1,1,1,-1,-1,0,1,-1,-1,-1,-1,1,-1,-1,1,1,-1,-1,0,1
Dirk Chlench Landesbank BW,0,0,0,0,0,0,0,0,0,0,0,0,0,0,0,0,0,0,0,0,0,0,0,0,0,1,-1,-1,-1,-1,1,1,1,-1,1,1,0,-1,-1,-1,1,1,1,1,-1,1,-1,-1,1,-1,-1,-1,1,-1,-1,-1,-1,-1,-1,-1,-1
Donald Ratajczak Morgan Keegan & Co.,0,1,0,0,-1,0,-1,0,0,0,1,0,0,1,1,1,1,-1,1,-1,1,-1,-1,0,1,1,-1,-1,-1,1,1,1,1,-1,1,1,1,1,1,-1,1,1,1,1,-1,0,0,0,0,0,0,0,0,0,0,0,0,0,0,0,0
Douglas Porter BMO Capital Markets,0,0,0,0,0,0,0,0,0,0,0,0,0,0,0,0,0,0,0,0,0,0,0,0,0,0,0,0,0,0,0,0,0,0,0,0,0,0,0,0,0,0,0,0,0,0,0,0,0,0,0,0,0,0,0,1,-1,-1,-1,-1,-1
Douglas Smith Standard Chartered,1,1,1,0,0,0,0,0,0,0,0,0,0,0,0,0,0,0,0,0,0,0,0,0,0,0,0,0,0,0,0,0,0,0,0,0,0,0,0,0,0,0,0,0,0,0,0,0,0,0,0,0,0,0,0,0,0,0,0,0,0
Dupuis/Genereux Desjardins Group,-1,1,-1,-1,-1,-1,-1,1,1,1,-1,1,1,1,-1,1,-1,-1,1,-1,-1,-1,-1,-1,-1,1,-1,-1,-1,1,1,-1,1,-1,-1,-1,1,-1,1,-1,1,1,1,1,-1,1,1,1,1,-1,-1,-1,1,-1,-1,1,1,-1,-1,-1,1
E. Green/M. Mulraine TD Securities,1,1,1,-1,-1,-1,-1,1,1,1,1,1,1,1,1,1,-1,-1,1,-1,1,-1,-1,-1,-1,-1,0,-1,-1,1,1,1,1,-1,1,-1,-1,-1,1,-1,1,1,1,1,-1,1,-1,1,1,-1,-1,-1,1,-1,-1,1,1,-1,-1,1,1
Ellen Zentner Nomura Securities Intl.,1,1,1,-1,-1,-1,-1,1,1,1,1,1,1,1,0,1,1,-1,1,-1,1,-1,-1,1,1,1,-1,-1,-1,1,1,1,1,-1,0,0,0,0,0,0,0,0,0,0,0,0,0,0,0,0,0,0,1,-1,-1,1,1,-1,-1,0,0
Ethan Harris BofA Merrill Lynch Research,1,1,1,0,0,0,0,0,0,0,0,0,0,0,0,1,1,-1,1,-1,-1,-1,-1,-1,-1,-1,-1,-1,-1,1,1,1,1,-1,1,1,1,1,1,-1,1,1,1,1,-1,1,1,1,1,-1,-1,-1,1,-1,-1,-1,-1,-1,-1,-1,1
Francesca Panelli Banca Aletti & C spa,1,0,1,-1,-1,-1,-1,1,1,1,1,1,1,0,1,0,1,-1,1,-1,1,-1,-1,-1,1,0,-1,-1,-1,-1,1,1,1,-1,-1,-1,1,-1,1,0,1,1,1,-1,-1,1,1,1,1,0,-1,-1,1,-1,-1,-1,0,-1,0,-1,-1
Gabriel Casillas Banorte-IXE,0,0,0,0,0,0,0,0,0,0,0,0,0,0,0,0,0,0,0,0,0,0,0,0,0,0,0,0,0,0,0,0,0,0,0,0,0,0,0,0,0,0,0,0,0,0,0,0,0,-1,0,-1,1,-1,-1,1,1,0,0,1,1
Girard/Sharif/Berger RBS Securities Inc.,0,0,0,0,0,0,0,0,0,0,0,0,0,0,0,0,0,0,0,0,1,-1,-1,0,1,1,-1,-1,-1,-1,1,1,1,-1,1,1,1,1,-1,-1,1,1,1,1,-1,1,1,1,1,-1,-1,-1,1,-1,-1,-1,-1,-1,-1,1,1
Guy Verberne ABN Amro Bank,1,1,1,-1,-1,-1,-1,-1,1,1,1,1,1,1,1,1,1,-1,1,-1,1,-1,-1,1,0,1,0,0,0,0,0,0,0,0,0,0,0,0,0,0,0,0,0,0,0,0,0,0,0,0,0,0,0,0,0,0,0,0,0,0,0
Harm Bandholz UniCredit Research,0,0,0,0,0,0,0,0,0,0,0,0,0,1,0,1,-1,-1,-1,-1,1,-1,-1,-1,-1,1,-1,-1,-1,0,1,1,1,-1,1,1,0,1,1,-1,1,1,0,0,0,1,1,-1,-1,-1,0,-1,0,0,-1,1,1,-1,-1,1,-1
Harris/Coffin/Cummins UBS,0,0,0,0,0,0,0,0,0,0,0,0,0,0,1,1,1,-1,1,-1,1,-1,-1,1,1,1,-1,-1,-1,1,1,1,1,-1,-1,1,-1,1,1,-1,1,1,1,1,-1,1,1,1,1,-1,-1,-1,1,-1,-1,1,1,-1,-1,1,1
Heinrich Engelke Landesbank Berlin,1,1,1,-1,-1,-1,0,0,0,0,0,0,0,0,0,0,0,0,0,0,0,0,0,0,0,0,0,0,0,0,0,0,0,0,0,0,0,0,0,0,0,0,0,0,0,0,0,0,0,0,0,0,0,0,0,0,0,0,0,0,0
Hiroki Shimazu SMBC Nikko Securities,0,0,0,0,0,0,0,0,0,0,0,0,0,0,0,0,0,0,0,0,0,0,0,0,0,0,0,0,0,0,0,0,0,0,0,1,0,1,1,-1,0,0,1,0,-1,1,1,0,1,-1,-1,-1,1,-1,-1,1,1,-1,-1,1,1
Hu/Garatti C I T I C Securities,0,0,0,0,0,0,0,0,0,0,0,1,1,0,0,0,1,0,1,-1,0,0,0,0,0,0,0,0,0,0,0,0,0,0,0,0,0,0,0,0,0,0,0,0,0,0,0,0,0,0,0,0,0,0,0,0,0,0,0,0,0
Hugh Johnson Hugh Johnson Advisors,0,0,0,0,0,0,0,0,0,0,1,1,1,0,1,0,1,-1,1,-1,1,-1,-1,1,1,1,-1,0,-1,1,1,1,1,-1,1,1,1,1,1,-1,1,1,1,1,0,-1,1,-1,-1,-1,-1,-1,1,-1,-1,-1,1,-1,-1,-1,-1
Ian Morris HSBC Markets,1,1,1,-1,-1,-1,-1,1,1,1,1,1,1,1,1,1,1,0,0,0,0,0,0,0,0,0,0,0,0,0,0,0,0,0,0,0,0,0,0,0,0,0,0,0,0,0,0,0,0,0,0,0,0,0,0,0,0,0,0,0,0
Ian Shepherdson High Frequency Economics,1,0,1,-1,-1,-1,-1,1,1,1,1,1,1,1,1,1,1,-1,1,-1,1,-1,-1,-1,1,1,-1,-1,-1,1,1,1,0,-1,-1,1,-1,0,1,-1,1,1,1,-1,-1,1,1,1,0,0,0,0,0,0,0,0,0,0,0,0,0
Ian Shepherdson Pantheon Macroeconomics,0,0,0,0,0,0,0,0,0,0,0,0,0,0,0,0,0,0,0,0,0,0,0,0,0,0,0,0,0,0,0,0,0,0,0,0,0,0,0,0,0,0,0,0,0,0,0,0,0,0,0,0,0,-1,0,1,-1,-1,-1,-1,-1
Jacob Oubina GAIN Capital,0,0,0,0,0,0,-1,0,0,0,0,0,0,0,0,0,0,0,0,0,0,0,0,0,0,0,0,0,0,0,0,0,0,0,0,0,0,0,0,0,0,0,0,0,0,0,0,0,0,0,0,0,0,0,0,0,0,0,0,0,0
James Shugg Westpac Banking Co.,1,1,1,-1,-1,-1,-1,-1,0,0,1,1,1,-1,-1,1,1,-1,1,-1,-1,-1,-1,-1,-1,-1,-1,-1,-1,1,-1,-1,-1,-1,1,-1,-1,1,1,-1,1,1,1,-1,-1,-1,-1,-1,-1,-1,-1,-1,1,-1,-1,0,-1,-1,-1,0,-1
Jason Schenker Prestige Economics,0,0,0,0,0,0,0,0,0,0,0,0,0,0,0,0,0,0,0,0,0,0,0,0,0,0,0,0,0,0,0,0,0,0,0,0,0,0,0,0,1,1,0,0,0,0,0,0,0,0,0,0,1,0,-1,0,1,-1,-1,1,-1
Jean-Pierre Petit Exane,0,0,0,0,0,0,0,0,0,0,0,0,0,-1,0,0,-1,-1,1,0,0,0,0,0,0,0,0,0,0,0,0,0,0,0,0,0,0,0,0,0,0,0,0,0,0,0,0,0,0,0,0,0,0,0,0,0,0,0,0,0,0
Jeavon Lolay Lloyds Bank Wbm,0,0,0,0,0,0,0,0,0,0,0,0,0,0,0,0,0,0,0,0,0,0,0,0,0,0,0,0,0,0,0,0,0,0,0,0,0,0,0,0,0,0,0,0,0,0,0,0,1,-1,-1,-1,1,-1,-1,1,0,0,0,0,0
Jeffrey Herzog Oxford Economics Ltd,0,0,0,0,0,0,0,0,0,0,0,0,0,0,0,0,0,0,0,0,0,0,0,0,0,0,0,0,0,0,0,0,0,0,0,0,0,0,0,0,0,0,0,0,0,0,0,0,0,0,0,-1,1,-1,-1,-1,-1,-1,-1,0,0
Jeffrey Roach Horizon Investments,1,1,0,-1,-1,0,-1,0,0,0,0,0,0,0,0,0,0,0,0,0,0,0,0,0,0,0,0,0,-1,0,0,1,0,0,0,0,0,0,0,0,0,0,0,0,0,0,0,0,0,-1,0,0,0,0,0,0,0,0,0,0,0
Jill Kalani/Guy Lebas Janney Montgomery Scott LLC,1,1,0,-1,-1,0,-1,-1,1,0,-1,1,1,-1,1,1,1,-1,-1,-1,-1,-1,-1,-1,-1,-1,-1,-1,-1,-1,-1,1,1,-1,-1,-1,-1,-1,-1,-1,1,1,1,-1,-1,-1,-1,-1,-1,-1,-1,-1,1,-1,0,-1,-1,-1,-1,-1,1
Jim O'Sullivan High Frequency Economics,1,-1,1,-1,-1,-1,-1,1,0,1,1,1,0,1,0,0,1,-1,1,-1,1,-1,-1,-1,-1,1,-1,-1,-1,-1,1,1,1,-1,-1,1,1,-1,1,-1,0,1,0,1,-1,1,1,1,1,-1,-1,-1,1,-1,-1,1,1,-1,-1,1,1
Joe Brusuelas Merk Investments,1,1,1,-1,-1,0,0,0,0,0,0,0,0,0,0,0,0,0,0,0,0,0,0,0,0,0,0,0,0,0,0,0,0,0,0,0,0,0,0,0,0,0,0,0,0,0,0,0,0,0,0,0,0,0,0,0,0,0,0,0,0
Joe LaVorgna Deutsche Bank Securities,1,1,1,-1,-1,-1,-1,-1,1,1,1,1,1,1,1,1,1,-1,1,-1,1,-1,-1,1,1,1,-1,-1,-1,1,1,1,1,-1,1,1,1,1,1,-1,1,1,1,1,-1,1,1,1,1,-1,-1,-1,1,-1,-1,1,1,-1,-1,-1,1
Joerg Angele Raiffeisenbank International,0,0,0,0,0,0,0,0,0,0,0,0,0,0,0,0,0,-1,0,0,1,-1,0,-1,-1,0,-1,-1,-1,1,1,1,1,-1,-1,-1,-1,-1,0,-1,1,1,1,-1,-1,1,0,1,1,-1,-1,-1,1,-1,-1,1,-1,-1,-1,1,1
John Herrmann Herrmann Forecasting LLC,0,0,0,0,-1,-1,0,1,1,-1,-1,1,1,-1,-1,1,1,-1,-1,-1,1,-1,-1,1,1,1,-1,-1,-1,1,1,1,1,-1,1,1,1,1,-1,-1,1,1,1,1,-1,0,0,0,0,0,0,0,0,0,0,0,0,0,0,0,0
John Silvia Wells Fargo & Co.,1,1,1,-1,-1,-1,-1,-1,1,1,1,1,1,1,0,1,1,-1,1,-1,1,-1,-1,1,1,1,-1,-1,-1,1,1,1,1,-1,1,1,1,1,1,-1,1,1,1,1,-1,1,1,1,-1,-1,-1,-1,1,-1,-1,1,1,-1,-1,-1,-1
Joseph Brusuelas Brusuelas Analytics,0,0,0,0,0,0,0,0,0,0,0,0,0,0,0,0,0,0,0,0,0,-1,-1,0,0,0,0,0,0,0,0,0,0,0,0,0,0,0,0,0,0,0,0,0,0,0,0,0,0,0,0,0,0,0,0,0,0,0,0,0,0
Joseph Brusuelas Moody's Economy.com,1,1,1,-1,-1,-1,-1,-1,1,-1,1,1,1,1,0,1,1,-1,0,0,0,0,0,0,0,0,0,0,0,0,0,0,0,0,0,0,0,0,0,0,0,0,0,0,0,0,0,0,0,0,0,0,0,0,0,0,0,0,0,0,0
Joshua Shapiro Maria Fiorini Ramirez Inc.,1,0,1,-1,-1,-1,-1,1,-1,1,1,1,1,1,1,1,1,-1,1,-1,1,-1,-1,1,1,0,-1,-1,0,1,1,1,1,0,1,1,1,1,0,-1,1,0,0,1,-1,1,1,1,1,-1,-1,-1,1,-1,-1,1,1,-1,-1,1,1
Julia Coronado BNP Paribas,0,0,0,0,0,0,0,0,0,0,0,0,0,0,0,0,0,0,0,0,0,0,0,0,0,0,0,0,0,-1,1,1,1,-1,1,1,1,-1,1,-1,1,1,1,1,-1,1,1,1,1,-1,-1,-1,1,-1,-1,1,1,-1,-1,-1,-1
Julian Jessop Capital Economics,0,0,0,0,0,0,0,0,0,0,0,1,1,1,1,1,1,-1,1,0,0,0,0,0,0,0,0,0,0,0,0,0,0,0,0,0,0,0,0,0,0,0,0,0,0,0,0,0,0,0,0,0,0,0,0,0,0,0,0,0,0
Julie Crawford Bayerische Landesbank,0,0,0,0,0,0,0,0,0,0,0,0,0,0,1,1,1,-1,0,-1,1,-1,-1,1,0,0,0,0,0,0,0,0,0,0,0,0,0,0,0,0,0,0,0,0,0,0,0,0,0,0,0,0,0,0,0,0,0,0,0,0,0
Ken Mayland ClearView Economics,1,1,1,-1,-1,-1,-1,0,1,-1,1,1,1,1,1,0,1,-1,1,-1,1,-1,-1,-1,0,1,-1,-1,-1,1,1,1,1,0,0,1,1,1,-1,-1,1,1,1,-1,-1,1,1,1,1,-1,-1,-1,1,-1,-1,-1,1,-1,-1,-1,1
Kenneth Broux Lloyds TSB,1,1,1,-1,-1,-1,-1,-1,1,1,1,0,0,0,0,0,0,0,0,0,0,0,0,0,0,0,0,0,0,0,0,0,0,0,0,0,0,0,0,0,0,0,0,0,0,0,0,0,0,0,0,0,0,0,0,0,0,0,0,0,0
Kevin Harris Informa Global Markets,0,1,0,0,-1,-1,-1,0,0,-1,1,1,1,1,1,1,1,-1,-1,-1,-1,-1,-1,-1,-1,-1,-1,-1,-1,-1,1,1,1,-1,1,-1,-1,-1,1,-1,1,1,1,1,-1,1,1,-1,-1,-1,-1,-1,1,-1,-1,1,-1,-1,-1,-1,1
Kevin Logan Dresdner Kleinwort,1,1,1,-1,-1,-1,-1,0,0,0,0,0,0,0,0,0,0,0,0,0,0,0,0,0,0,0,0,0,0,0,0,0,0,0,0,0,0,0,0,0,0,0,0,0,0,0,0,0,0,0,0,0,0,0,0,0,0,0,0,0,0
Knightley/Carnell/Brosens ING Financial Markets,1,1,1,0,-1,-1,-1,-1,1,-1,1,-1,1,1,-1,-1,1,-1,1,-1,1,-1,-1,1,1,1,-1,-1,-1,1,1,1,1,-1,1,1,1,1,1,-1,1,-1,-1,1,-1,1,1,-1,1,-1,-1,-1,1,-1,-1,1,1,-1,-1,-1,1
Laura Cavallaro Aletti Gestielle,0,0,0,0,0,0,0,0,0,0,0,0,0,0,0,0,0,0,0,0,0,0,0,0,0,0,0,0,0,0,0,0,0,0,0,0,0,0,0,0,1,0,1,1,-1,1,1,0,0,-1,-1,0,1,0,0,0,0,0,0,0,0
Lea Tyler Oxford Economics,0,0,0,0,0,0,0,0,0,0,0,0,0,0,0,0,0,0,0,0,0,0,0,0,0,0,0,0,0,0,0,0,0,0,0,0,0,0,0,0,0,0,0,0,0,0,0,0,0,0,0,0,0,0,0,0,0,0,0,-1,1
Lena Komileva Tullett Prebon,0,0,0,-1,-1,-1,0,1,1,-1,0,1,0,0,1,0,0,-1,1,-1,1,0,-1,1,0,0,0,0,0,1,0,0,0,0,0,0,0,0,0,0,0,0,0,0,0,0,0,0,0,0,0,0,0,0,0,0,0,0,0,0,0
Littleton/Sloan Thomson Reuters/IFR,1,1,1,-1,-1,-1,-1,1,1,1,1,1,1,-1,-1,1,1,-1,1,-1,1,-1,-1,-1,1,1,-1,-1,-1,1,1,1,1,0,0,0,0,0,0,0,0,0,0,0,0,0,0,0,0,0,0,0,0,0,0,0,0,0,0,0,0
Markus Schomer PineBridge Investments,1,1,0,0,-1,-1,-1,1,1,1,1,-1,-1,-1,1,1,1,0,1,-1,1,0,-1,-1,1,1,-1,-1,-1,1,1,1,1,-1,0,0,1,1,1,0,1,1,1,1,-1,1,0,1,0,-1,-1,-1,0,-1,-1,1,0,0,-1,0,1
Masashi Murata GCI Capital,1,1,0,0,0,0,0,0,0,0,0,0,0,0,0,0,0,0,0,0,0,0,0,0,0,0,0,0,0,0,0,0,0,0,0,0,0,0,0,0,0,0,0,0,0,0,0,0,0,0,0,0,0,0,0,0,0,0,0,0,0
Matteo Radaelli Hammer Partners SA,0,0,0,0,0,0,0,0,0,0,0,0,0,0,0,0,0,0,0,0,0,0,0,0,0,0,0,0,0,0,0,0,0,0,0,0,0,0,0,0,0,0,0,0,0,0,0,0,0,0,0,-1,1,-1,0,1,0,-1,0,0,0
Matthias Huth Landesbank BW,0,1,1,-1,0,0,-1,-1,0,1,1,0,1,0,1,1,1,-1,1,-1,-1,-1,-1,-1,-1,0,0,0,0,0,0,0,0,0,0,0,0,0,0,0,0,0,0,0,0,0,0,0,0,0,0,0,0,0,0,0,0,0,0,0,0
Max Clarke IDEAglobal,1,1,1,-1,-1,-1,-1,1,1,1,1,1,1,1,1,1,1,-1,1,-1,1,-1,-1,-1,1,1,-1,-1,-1,1,1,1,1,-1,1,-1,-1,1,-1,-1,1,1,1,-1,-1,-1,1,-1,1,-1,-1,-1,1,-1,-1,1,-1,-1,-1,-1,1
Michael Carey Credit Agricole CIB,1,1,-1,-1,-1,0,-1,1,1,1,1,1,1,1,1,1,1,-1,1,-1,1,-1,-1,1,1,1,0,-1,-1,1,1,0,1,-1,1,1,1,1,1,-1,1,0,1,0,0,1,1,1,1,-1,-1,-1,1,-1,-1,-1,1,-1,-1,-1,-1
Michael Feroli J.P. Morgan Chase,1,1,1,-1,-1,-1,-1,1,1,1,1,1,1,1,-1,1,1,-1,-1,-1,-1,-1,-1,1,1,1,-1,-1,-1,1,1,1,1,-1,1,1,1,1,1,-1,1,1,1,1,-1,-1,1,1,1,-1,-1,-1,1,-1,-1,1,1,-1,-1,-1,1
Michael Moran Daiwa Securities America,1,1,1,-1,-1,-1,-1,1,1,1,1,1,1,1,1,1,1,-1,1,-1,1,-1,-1,1,1,1,-1,-1,0,1,1,1,0,-1,1,-1,-1,-1,-1,-1,1,1,1,-1,-1,-1,1,1,-1,-1,-1,-1,0,0,-1,1,-1,-1,-1,1,-1
Mickey Levy Banc of America Securities,1,1,1,-1,-1,-1,-1,0,0,0,0,0,0,0,0,0,0,0,0,0,0,0,0,0,0,0,0,0,0,0,0,0,0,0,0,0,0,0,0,0,0,0,0,0,0,0,0,0,0,0,0,0,0,0,0,0,0,0,0,0,0
Mike Englund Action Economics,1,1,1,-1,-1,-1,-1,1,1,1,1,1,1,1,1,1,1,-1,1,-1,1,-1,-1,1,1,1,-1,-1,-1,1,1,1,1,-1,-1,-1,-1,-1,-1,-1,-1,-1,1,-1,-1,1,1,1,1,-1,-1,-1,1,-1,-1,1,-1,-1,-1,1,1
Mikhail L Melnik Southern Polytechnic State,0,0,0,0,0,0,0,0,0,0,0,0,0,0,0,0,0,0,0,0,0,0,0,0,0,0,0,0,0,0,0,0,0,0,0,0,0,0,0,0,0,0,0,0,0,0,0,0,1,-1,-1,-1,1,0,-1,-1,1,-1,-1,1,1
Mufteeva/Julien Natixis,1,1,1,-1,0,-1,-1,-1,1,1,1,1,1,1,1,1,1,-1,1,-1,1,-1,-1,-1,-1,1,-1,-1,-1,-1,1,1,1,-1,1,1,1,1,1,-1,1,1,1,-1,-1,-1,1,1,-1,-1,-1,-1,1,-1,-1,1,1,-1,-1,1,1
Nariman Behravesh IHS Global Insight,1,1,1,-1,-1,-1,-1,-1,1,1,1,1,1,1,-1,1,1,-1,1,-1,1,-1,-1,1,1,0,-1,-1,-1,-1,1,1,0,-1,1,1,1,1,1,-1,1,0,1,1,-1,1,1,1,1,-1,-1,-1,1,-1,-1,1,1,-1,-1,-1,-1
Nathaniel Karp BBVA,1,1,0,0,0,0,0,0,1,1,1,-1,1,1,1,1,1,-1,1,-1,1,-1,-1,1,1,1,-1,-1,-1,1,1,1,1,-1,1,1,1,1,1,-1,1,1,1,-1,-1,1,1,1,1,-1,-1,-1,1,-1,-1,1,1,-1,0,1,1
Neal Soss Credit Suisse,1,1,1,-1,-1,-1,-1,1,1,1,1,1,1,1,-1,1,1,-1,1,-1,1,-1,-1,1,1,1,-1,-1,-1,1,1,-1,1,-1,-1,1,-1,1,1,-1,1,1,1,1,-1,1,1,1,1,-1,-1,-1,1,-1,-1,1,1,-1,-1,-1,-1
Neil Dutta Renaissance Macro Research,0,0,0,0,0,0,0,0,0,0,0,0,0,0,0,0,0,0,0,0,0,0,0,0,0,0,0,0,0,0,0,0,0,0,0,0,0,0,0,0,0,0,0,0,0,0,0,0,0,-1,0,-1,0,0,-1,0,1,0,0,0,0
P. Ashworth/P. Dales Capital Economics,0,0,0,0,0,0,0,0,0,0,0,0,0,0,0,0,0,0,0,0,0,0,-1,-1,1,1,-1,-1,-1,-1,1,1,1,-1,1,1,1,1,1,-1,1,1,1,1,-1,1,1,1,1,-1,-1,-1,1,-1,-1,-1,-1,-1,-1,-1,1
P. de Bruin/M. Cabezas ABN Amro Inc.,0,0,0,0,0,0,0,0,0,0,0,0,0,0,0,0,0,0,0,0,0,0,0,0,0,0,-1,-1,-1,-1,1,1,1,-1,1,1,1,1,1,-1,1,1,1,1,-1,1,1,1,1,-1,-1,-1,1,-1,-1,1,1,-1,-1,1,1
Patrick Franke Helaba,0,0,0,0,0,-1,-1,1,1,1,1,1,1,1,1,1,1,-1,1,-1,1,-1,-1,1,1,1,-1,-1,-1,1,1,1,1,-1,-1,-1,-1,1,1,-1,1,1,1,1,-1,1,1,1,1,-1,-1,-1,1,-1,-1,1,1,-1,-1,-1,-1
Peter D'Antonio Citi,-1,1,1,-1,-1,-1,-1,-1,0,1,1,1,1,1,-1,1,1,-1,1,0,1,-1,-1,1,0,1,-1,-1,-1,1,1,1,1,-1,-1,1,-1,1,1,-1,1,1,1,1,-1,1,1,1,1,-1,-1,-1,1,-1,-1,1,1,-1,-1,1,1
Peter Morici University of Maryland,1,1,1,-1,-1,-1,-1,1,1,1,1,1,1,1,1,1,1,-1,1,-1,1,-1,-1,1,1,1,-1,-1,-1,1,1,1,1,-1,-1,1,1,1,1,-1,1,1,1,-1,-1,1,1,1,1,-1,-1,-1,1,-1,-1,1,1,-1,-1,1,1
Pierre-Olivier Beffy Exane,0,0,0,0,0,0,0,0,0,0,0,0,0,0,0,0,0,0,0,-1,1,-1,0,1,0,1,0,0,-1,1,0,1,0,0,0,0,-1,1,1,-1,1,1,1,-1,-1,1,1,1,1,-1,-1,-1,1,-1,-1,0,0,0,0,0,0
Possing/Roed-Frederiksen Danske Bank,1,1,1,-1,0,0,-1,1,1,1,1,1,1,1,1,1,1,-1,1,-1,-1,-1,-1,-1,0,0,-1,-1,0,0,0,0,0,0,0,0,0,0,0,0,0,0,0,0,0,0,0,0,0,0,0,0,0,0,0,0,0,0,0,0,0
Rhys Herbert Lloyds Tsb Bank Plc,0,0,0,0,0,0,0,0,0,0,0,0,0,0,0,0,0,0,0,0,0,0,0,0,0,0,0,0,0,0,0,0,0,0,0,0,0,0,0,0,0,0,0,0,0,0,0,0,0,0,0,0,0,0,0,0,-1,-1,-1,1,1
Richard DeKaser National City Bank,1,1,1,-1,-1,-1,-1,0,0,0,0,0,0,0,0,0,0,0,0,0,0,0,0,0,0,0,0,0,0,0,0,0,0,0,0,0,0,0,0,0,0,0,0,0,0,0,0,0,0,0,0,0,0,0,0,0,0,0,0,0,0
Richard DeKaser Parthenon Group,0,0,0,0,0,0,0,0,0,0,0,1,1,1,1,1,1,-1,1,-1,1,-1,-1,1,1,1,-1,-1,0,0,0,0,1,-1,1,0,1,1,1,-1,1,1,1,1,-1,1,1,1,0,0,0,0,0,0,0,0,0,0,0,0,0
Richard F Moody Regions Financial Corp,0,0,0,0,0,0,0,0,0,0,0,0,0,0,0,0,0,0,0,0,0,0,0,0,0,0,0,0,0,0,0,0,0,0,0,0,0,0,0,0,0,0,0,0,0,0,0,0,0,-1,-1,-1,1,-1,-1,1,-1,-1,-1,1,1
Richard McGuire RBC Capital Markets,0,0,-1,0,0,0,0,0,0,0,0,0,0,0,0,0,0,0,0,0,0,0,0,0,0,0,0,0,0,0,0,0,0,0,0,0,0,0,0,0,0,0,0,0,0,0,0,0,0,0,0,0,0,0,0,0,0,0,0,0,0
Richard Yamarone Argus Research Corp.,1,1,1,-1,-1,-1,-1,0,1,1,1,1,1,1,1,1,0,0,0,0,0,0,0,0,0,0,0,0,0,0,0,0,0,0,0,0,0,0,0,0,0,0,0,0,0,0,0,0,0,0,0,0,0,0,0,0,0,0,0,0,0
Robert A Dye Comerica Inc,0,0,0,0,0,0,0,0,0,0,0,0,0,0,0,0,0,0,0,0,0,0,0,0,0,0,0,0,0,0,0,0,0,0,0,0,0,-1,1,-1,1,1,1,1,-1,1,1,0,1,-1,-1,-1,0,-1,-1,-1,1,0,0,-1,1
Robert Brusca Fact & Opinion Economics,0,0,0,0,0,0,0,0,0,0,0,0,0,0,0,0,0,0,0,0,0,0,0,0,0,0,0,0,0,0,0,1,1,-1,1,0,0,1,-1,0,1,1,0,1,-1,-1,1,-1,1,0,-1,0,0,0,0,1,0,0,-1,0,0
Roger Kubarych Unicredit MIB,1,1,1,-1,-1,-1,0,0,1,1,0,1,1,0,0,0,0,0,0,0,0,0,0,0,0,0,0,0,0,0,0,0,0,0,0,0,0,0,0,0,0,0,0,0,0,0,0,0,0,0,0,0,0,0,0,0,0,0,0,0,0
Russell Price Ameriprise Financial Inc,1,1,1,-1,-1,0,-1,1,1,1,1,1,1,1,1,1,1,-1,1,-1,1,-1,-1,-1,-1,1,-1,-1,-1,-1,1,1,1,-1,1,1,1,1,1,-1,1,1,1,-1,-1,-1,1,-1,1,-1,-1,-1,1,-1,-1,-1,1,-1,-1,-1,1
Ryan Wang HSBC Markets,0,0,0,0,0,0,0,0,0,0,0,0,0,0,0,0,0,-1,1,-1,1,-1,-1,0,-1,1,-1,-1,-1,1,1,1,0,-1,0,1,-1,-1,1,-1,1,1,1,1,-1,1,1,1,-1,-1,-1,-1,1,-1,-1,1,1,-1,-1,1,-1
Scott Anderson Bank of the West,0,1,1,-1,-1,0,-1,1,0,1,1,0,0,0,0,0,0,0,0,0,0,0,0,0,0,0,0,0,0,0,0,0,0,0,0,0,0,0,0,0,0,0,0,0,0,0,0,0,0,0,-1,-1,1,-1,-1,1,1,-1,-1,1,1
Scott Brown Raymond James,0,0,0,0,0,-1,-1,1,1,1,1,1,0,1,1,1,1,-1,0,0,1,-1,-1,1,1,1,-1,-1,-1,1,1,1,1,-1,-1,1,1,-1,1,-1,1,1,1,-1,-1,1,1,-1,1,-1,-1,-1,1,-1,-1,-1,-1,-1,-1,-1,-1
Sebastien Lavoie Laurentian Bank Securities,0,0,0,0,0,0,0,0,0,0,0,0,0,0,0,0,0,0,0,0,0,0,0,0,0,0,0,0,0,0,0,0,0,0,-1,0,0,1,0,0,0,0,0,0,0,0,0,0,0,0,0,0,0,0,0,0,0,0,0,0,0
Sherry Cooper BMO Capital Markets,1,1,1,-1,-1,-1,-1,-1,-1,1,1,1,1,-1,-1,1,1,-1,1,-1,1,-1,-1,1,1,1,-1,-1,-1,1,1,-1,1,-1,-1,1,1,1,1,-1,1,1,1,1,-1,1,1,1,1,-1,-1,-1,1,-1,-1,0,0,0,0,0,0
Signe Roed-Frederiksen Danske Bank A/S,0,0,0,0,0,0,0,0,0,0,0,0,0,0,0,0,0,0,0,0,0,0,0,0,0,0,0,0,0,0,1,1,1,-1,0,0,0,0,0,0,0,0,0,0,0,0,0,0,0,0,0,0,1,-1,-1,-1,-1,-1,-1,-1,0
Sloan/Incremona 4CAST Ltd.,0,0,0,0,0,0,0,0,0,0,0,0,0,0,0,0,0,0,0,0,0,0,0,0,0,0,0,0,0,1,1,1,1,-1,1,1,1,1,-1,-1,1,1,1,1,-1,1,1,1,1,-1,-1,-1,1,-1,-1,1,-1,-1,-1,1,-1
Smith/Sweet Moody's Analytics,0,0,0,0,0,0,0,0,0,0,0,0,0,0,0,0,0,0,-1,-1,-1,-1,-1,1,1,1,-1,-1,-1,1,1,1,1,-1,1,1,1,1,1,-1,1,1,1,1,-1,-1,1,1,1,-1,-1,-1,1,-1,-1,-1,1,-1,-1,1,1
Stefane Marion National Bank Financial,0,0,0,0,0,0,0,0,0,0,0,1,1,1,0,1,1,-1,1,-1,1,0,0,1,1,0,-1,-1,0,0,1,0,0,-1,0,-1,-1,-1,-1,-1,0,0,0,0,0,0,0,0,0,0,0,0,0,0,0,0,0,0,0,0,0
Stephen Gallagher Societe Generale,1,1,-1,-1,-1,-1,-1,1,1,1,1,1,1,1,-1,1,-1,-1,1,-1,1,-1,-1,1,1,1,-1,-1,0,0,0,0,0,0,0,0,0,0,0,0,0,0,0,0,0,0,0,0,0,0,0,0,0,0,0,0,0,0,0,0,0
Stephen Gallo Schneider Foreign Exchange,1,1,1,-1,-1,-1,-1,-1,0,1,1,1,1,1,0,1,1,-1,-1,-1,1,-1,-1,0,0,0,0,0,0,0,0,0,0,0,0,0,0,0,0,0,0,0,0,0,0,0,0,0,0,0,0,0,0,0,0,0,0,0,0,0,0
Stephen Stanley Pierpont Securities LLC,0,0,0,0,0,0,0,0,0,0,0,0,0,0,0,0,0,0,0,0,0,-1,-1,1,1,1,-1,-1,-1,1,1,1,1,-1,1,1,1,1,1,-1,1,1,1,1,-1,1,1,1,1,-1,-1,-1,1,-1,-1,1,1,-1,-1,1,1
Stephen Stanley RBS Securities Inc.,1,1,1,-1,-1,-1,-1,1,1,0,1,1,1,-1,-1,1,1,-1,1,-1,0,0,0,0,0,0,0,0,0,0,0,0,0,0,0,0,0,0,0,0,0,0,0,0,0,0,0,0,0,0,0,0,0,0,0,0,0,0,0,0,0
Steve Blitz ITG Investment Research,0,0,0,0,0,0,0,0,0,0,0,0,0,0,0,0,0,0,0,0,0,0,0,0,0,0,0,0,0,0,0,0,1,-1,0,1,0,0,0,0,0,0,0,0,0,0,0,0,0,0,0,0,0,0,0,0,0,0,0,0,0
Steven Ricchiuto Mizuho Securities,0,0,0,0,0,0,-1,0,0,-1,-1,0,1,0,0,-1,1,0,0,0,0,-1,-1,0,0,1,-1,0,-1,0,1,0,-1,-1,-1,-1,-1,-1,-1,0,1,-1,-1,-1,-1,-1,-1,-1,-1,-1,-1,0,0,-1,-1,0,-1,-1,0,0,1
Steven Wood Insight Economics,1,1,1,-1,-1,-1,-1,1,1,1,0,1,1,1,-1,1,1,-1,1,-1,1,-1,-1,1,1,1,0,-1,-1,1,1,1,0,-1,-1,-1,1,1,1,-1,1,1,1,0,-1,1,1,1,1,-1,-1,-1,1,-1,0,0,0,0,0,0,0
Stuart Hoffman PNC Bank,1,1,1,-1,-1,-1,-1,1,1,1,1,1,1,1,1,1,1,-1,1,-1,1,-1,-1,1,1,1,-1,-1,-1,1,1,1,1,-1,-1,-1,-1,-1,-1,-1,1,1,1,1,-1,-1,1,-1,1,-1,-1,-1,1,-1,-1,1,1,-1,-1,1,1
T. Costerg/S. Weng Standard Chartered Bank,0,0,0,0,0,0,0,0,0,0,0,0,0,0,0,0,0,0,0,0,0,0,0,0,0,0,0,0,0,0,0,0,0,0,0,0,0,0,0,0,0,0,0,0,0,0,0,0,0,0,0,0,0,0,0,1,1,-1,-1,-1,1
Ted Wieseman Morgan Stanley,0,0,0,0,0,0,0,0,0,0,0,0,0,0,0,0,0,0,0,0,0,0,0,0,0,0,0,0,0,0,0,0,0,0,0,0,0,0,0,0,0,0,0,0,0,0,0,0,0,0,0,0,0,0,0,0,0,-1,-1,1,1
Thomas Lam OSK Group/DMG,0,0,0,0,0,0,0,0,0,0,0,0,0,0,0,0,0,0,0,0,0,0,0,0,0,0,0,0,0,0,1,1,1,-1,1,1,1,1,1,-1,1,1,1,1,-1,1,1,1,1,-1,-1,-1,1,-1,-1,-1,1,-1,-1,-1,-1
Tom Porcelli RBC Capital Markets,0,0,0,0,0,0,0,0,0,0,0,0,0,0,0,0,0,0,0,0,0,0,0,0,0,1,-1,-1,-1,-1,1,1,1,-1,1,1,1,1,1,-1,1,1,1,1,-1,1,1,1,-1,-1,-1,-1,1,-1,-1,1,-1,-1,-1,1,1
Toru Shimano Okasan Securities,1,0,1,-1,0,0,0,1,0,0,0,0,0,0,0,0,0,0,0,0,0,0,0,0,0,0,0,0,0,0,0,0,0,0,0,0,0,0,0,0,0,0,0,0,0,0,0,0,0,0,0,0,0,0,0,0,0,0,0,0,0
Uwe Duerkop Landesbank Berlin,0,0,0,0,0,0,-1,-1,-1,1,1,-1,1,-1,-1,-1,-1,-1,1,-1,1,-1,-1,-1,1,1,-1,-1,-1,1,1,1,1,-1,1,1,1,1,1,-1,1,1,-1,-1,-1,1,-1,-1,-1,-1,-1,-1,-1,-1,0,-1,1,-1,-1,1,-1
Ward McCarthy Jefferies LLC,0,0,0,0,0,0,0,0,0,0,0,0,0,0,1,1,0,-1,1,-1,1,-1,-1,-1,1,1,-1,-1,-1,1,1,1,1,-1,0,1,1,1,1,-1,1,1,1,1,-1,1,1,1,1,-1,-1,-1,1,-1,-1,-1,-1,-1,-1,1,1
Weidensteiner/Balz Commerzbank AG,1,1,1,-1,-1,-1,-1,1,1,-1,1,1,1,1,1,1,1,-1,0,-1,1,-1,-1,0,1,1,-1,-1,-1,1,1,1,0,-1,-1,1,1,-1,1,-1,1,0,1,1,-1,1,1,1,1,-1,-1,-1,1,-1,-1,1,1,-1,-1,-1,1
Wesbury/Stein First Trust Advisors,1,1,1,-1,-1,-1,-1,1,1,1,1,1,1,1,1,1,1,-1,1,-1,1,-1,-1,1,1,1,-1,-1,-1,1,1,1,1,-1,1,1,1,1,1,-1,1,1,1,1,-1,1,1,1,1,-1,-1,-1,1,-1,-1,-1,1,-1,-1,1,1
William Jordan Ried Thunberg & Co.,1,1,1,-1,-1,-1,-1,1,1,1,1,1,1,1,1,1,1,-1,1,-1,1,-1,-1,1,1,1,0,0,0,0,0,0,0,0,0,0,0,0,0,0,0,0,0,0,0,0,0,0,0,0,0,0,0,0,0,0,0,0,0,0,0
