INJCJC Index,,,,,,,,,,,,,,,,,,,,,,,,,,,,,,,,,,,,,,,,,,,,,,,,,,,,,,,,,,,,,,,,,,,,,,,,,,,,,,,,,,,,,,,,,,,,,,,,,,,,,,,,,,,,,,,,,,,,,,,,,,,,,,,,,,,,,,,,,,,,,,,,,,,,,,,,,,,,,,,,,,,,,,,,,,,,,,,,,,,,,,,,,,,,,,,,,,,,,,,,,,,,,,,,,,,,,,,,,,,,,,,,,,,,,,,,,,,,,,,,,,,,,,,,,,,,,,,,,,,,,,,,
,7/3/2008,7/4/2008,7/5/2008,7/6/2008,7/7/2008,7/8/2008,7/9/2008,7/10/2008,7/11/2008,7/12/2008,7/13/2008,7/14/2008,7/15/2008,7/16/2008,7/17/2008,7/18/2008,7/19/2008,7/20/2008,7/21/2008,7/22/2008,7/23/2008,7/24/2008,7/25/2008,7/26/2008,7/27/2008,7/28/2008,7/29/2008,7/30/2008,7/31/2008,8/1/2008,8/2/2008,8/3/2008,8/4/2008,8/5/2008,8/6/2008,8/7/2008,8/8/2008,8/9/2008,8/10/2008,8/11/2008,8/12/2008,8/13/2008,8/14/2008,8/15/2008,8/16/2008,8/17/2008,8/18/2008,8/19/2008,8/20/2008,8/21/2008,8/22/2008,8/23/2008,8/24/2008,8/25/2008,8/26/2008,8/27/2008,8/28/2008,8/29/2008,8/30/2008,8/31/2008,9/1/2008,9/2/2008,9/3/2008,9/4/2008,9/5/2008,9/6/2008,9/7/2008,9/8/2008,9/9/2008,9/10/2008,9/11/2008,9/12/2008,9/13/2008,9/14/2008,9/15/2008,9/16/2008,9/17/2008,9/18/2008,9/19/2008,9/20/2008,9/21/2008,9/22/2008,9/23/2008,9/24/2008,9/25/2008,9/26/2008,9/27/2008,9/28/2008,9/29/2008,9/30/2008,10/1/2008,10/2/2008,10/3/2008,10/4/2008,10/5/2008,10/6/2008,10/7/2008,10/8/2008,10/9/2008,10/10/2008,10/11/2008,10/12/2008,10/13/2008,10/14/2008,10/15/2008,10/16/2008,10/17/2008,10/18/2008,10/19/2008,10/20/2008,10/21/2008,10/22/2008,10/23/2008,10/24/2008,10/25/2008,10/26/2008,10/27/2008,10/28/2008,10/29/2008,10/30/2008,10/31/2008,11/1/2008,11/2/2008,11/3/2008,11/4/2008,11/5/2008,11/6/2008,11/7/2008,11/8/2008,11/9/2008,11/10/2008,11/11/2008,11/12/2008,11/13/2008,11/14/2008,11/15/2008,11/16/2008,11/17/2008,11/18/2008,11/19/2008,11/20/2008,11/21/2008,11/22/2008,11/23/2008,11/24/2008,11/25/2008,11/26/2008,11/27/2008,11/28/2008,11/29/2008,11/30/2008,12/1/2008,12/2/2008,12/3/2008,12/4/2008,12/5/2008,12/6/2008,12/7/2008,12/8/2008,12/9/2008,12/10/2008,12/11/2008,12/12/2008,12/13/2008,12/14/2008,12/15/2008,12/16/2008,12/17/2008,12/18/2008,12/19/2008,12/20/2008,12/21/2008,12/22/2008,12/23/2008,12/24/2008,12/25/2008,12/26/2008,12/27/2008,12/28/2008,12/29/2008,12/30/2008,12/31/2008,1/1/2009,1/2/2009,1/3/2009,1/4/2009,1/5/2009,1/6/2009,1/7/2009,1/8/2009,1/9/2009,1/10/2009,1/11/2009,1/12/2009,1/13/2009,1/14/2009,1/15/2009,1/16/2009,1/17/2009,1/18/2009,1/19/2009,1/20/2009,1/21/2009,1/22/2009,1/23/2009,1/24/2009,1/25/2009,1/26/2009,1/27/2009,1/28/2009,1/29/2009,1/30/2009,1/31/2009,2/1/2009,2/2/2009,2/3/2009,2/4/2009,2/5/2009,2/6/2009,2/7/2009,2/8/2009,2/9/2009,2/10/2009,2/11/2009,2/12/2009,2/13/2009,2/14/2009,2/15/2009,2/16/2009,2/17/2009,2/18/2009,2/19/2009,2/20/2009,2/21/2009,2/22/2009,2/23/2009,2/24/2009,2/25/2009,2/26/2009,2/27/2009,2/28/2009,3/1/2009,3/2/2009,3/3/2009,3/4/2009,3/5/2009,3/6/2009,3/7/2009,3/8/2009,3/9/2009,3/10/2009,3/11/2009,3/12/2009,3/13/2009,3/14/2009,3/15/2009,3/16/2009,3/17/2009,3/18/2009,3/19/2009,3/20/2009,3/21/2009,3/22/2009,3/23/2009
Actual Direction,1,-1,-1,1,1,1,1,-1,0,1,1,1,1,1,1,-1,1,1,1,1,-1,0,-1,1,1,-1,0,-1,1,1,1,1,1,1,1,-1,1,-1,1,1,-1,-1,0,-1,-1,1,1,-1,1,-1,1,1,-1,-1,-1,-1,1,-1,1,1,1,1,-1,-1,-1,1,-1,-1,1,1,-1,-1,-1,0,-1,1,1,-1,-1,-1,1,1,1,1,-1,1,1,-1,1,1,-1,-1,1,1,1,1,1,1,1,1,-1,1,1,-1,1,-1,-1,1,-1,1,1,1,-1,-1,-1,-1,1,-1,-1,1,-1,-1,-1,0,-1,0,1,-1,-1,0,-1,1,1,-1,1,-1,-1,1,-1,-1,1,-1,-1,1,-1,1,1,1,1,1,-1,1,1,1,-1,1,1,-1,-1,1,-1,-1,-1,1,1,-1,1,1,1,-1,-1,-1,1,1,-1,-1,1,0,1,-1,-1,-1,1,-1,1,-1,1,-1,-1,-1,-1,-1,1,-1,-1,1,1,1,1,1,-1,-1,1,0,1,-1,1,1,1,-1,0,0,0,0,0,0,0,1,-1,1,1,-1,-1,-1,1,-1,-1,-1,0,0,1,-1,-1,1,-1,1,1,-1,-1,1,1,-1,1,-1,-1,-1,-1,1,1,-1,1,-1,-1,-1,1,-1,1,1,-1,1,1,0,1,-1
 BNP Paribas,1,-1,0,1,1,1,1,-1,-1,1,1,1,1,-1,1,-1,1,-1,1,1,-1,0,-1,1,1,0,0,0,-1,1,1,1,1,1,1,-1,1,-1,1,1,-1,-1,-1,-1,-1,1,1,-1,-1,-1,0,1,0,-1,-1,-1,1,-1,1,-1,0,-1,-1,0,0,1,-1,-1,1,-1,0,-1,-1,0,-1,-1,1,-1,0,0,0,1,1,1,-1,1,1,0,-1,1,-1,-1,-1,-1,1,1,1,-1,1,1,-1,-1,1,-1,1,-1,-1,1,-1,1,-1,-1,-1,-1,-1,-1,1,-1,0,-1,-1,-1,-1,0,-1,0,1,0,0,0,0,0,0,0,0,0,0,0,0,0,0,0,0,0,0,0,0,0,0,0,0,0,0,0,0,0,0,0,0,0,0,0,0,0,0,0,0,0,0,0,0,0,0,0,0,0,0,0,0,0,0,0,0,0,0,0,0,0,0,0,0,0,0,0,0,0,0,0,0,0,0,0,0,0,0,0,0,0,0,0,0,0,0,0,0,0,0,0,0,0,0,0,0,0,0,0,0,0,0,0,0,0,0,0,0,0,0,0,0,0,0,0,0,0,0,0,0,0,0,0,0,0,0,0,0,0,0,0,0,0,0,0,0,0
 Briefing.com,-1,-1,0,-1,-1,-1,0,-1,-1,-1,-1,1,-1,-1,1,-1,-1,-1,-1,-1,1,0,-1,0,-1,0,0,-1,0,-1,1,1,-1,1,1,-1,-1,-1,-1,-1,-1,-1,-1,-1,-1,-1,-1,-1,-1,-1,-1,1,-1,-1,-1,-1,-1,-1,-1,-1,-1,-1,-1,-1,-1,1,-1,-1,1,-1,-1,-1,-1,0,-1,-1,-1,-1,-1,-1,1,1,1,1,-1,-1,-1,-1,-1,1,-1,-1,1,-1,-1,-1,-1,1,1,-1,-1,1,1,-1,1,-1,-1,-1,-1,1,1,-1,-1,-1,-1,-1,-1,-1,-1,1,-1,-1,-1,0,-1,0,-1,-1,-1,-1,-1,1,1,-1,-1,-1,-1,1,-1,-1,-1,-1,-1,-1,-1,1,-1,-1,-1,-1,-1,-1,-1,1,-1,1,1,-1,-1,-1,-1,-1,-1,1,-1,-1,-1,-1,-1,-1,-1,-1,1,-1,-1,-1,1,0,1,-1,-1,-1,-1,-1,1,-1,1,-1,-1,-1,-1,-1,1,-1,-1,1,1,1,1,-1,-1,-1,1,-1,-1,-1,1,-1,1,-1,0,0,0,0,0,0,0,1,-1,1,1,-1,-1,-1,1,-1,-1,-1,1,0,1,-1,-1,1,-1,1,1,-1,-1,0,1,0,0,0,0,0,0,0,0,0,0,0,0,-1,0,0,1,0,-1,0,0,0,0,0
 Castle Financial,0,0,0,0,0,0,0,0,0,0,0,0,0,0,0,0,0,0,0,0,0,0,0,0,0,0,0,0,0,0,0,0,0,0,0,0,0,0,0,0,0,0,0,0,0,0,0,0,0,0,0,0,0,0,0,0,0,0,0,0,0,0,0,0,0,0,0,0,0,0,0,0,0,0,0,0,0,0,0,0,0,0,0,0,0,0,0,0,0,0,0,0,0,0,0,0,0,1,0,0,0,0,0,0,0,0,0,0,0,0,0,0,0,0,0,0,0,0,0,0,0,0,0,0,0,0,0,0,0,0,0,0,0,0,0,0,0,0,0,0,0,0,0,0,0,0,0,0,0,0,0,0,0,0,0,0,0,0,0,0,0,0,0,0,0,0,0,0,0,0,0,0,0,0,0,0,0,0,0,0,0,0,0,0,0,0,0,0,0,0,0,0,0,0,0,0,0,0,0,0,0,0,0,0,0,0,0,0,0,0,0,0,0,0,0,0,0,0,0,0,0,0,0,0,0,0,0,0,0,0,0,0,0,0,0,0,0,0,0,0,0,0,0,0,0,0,0,0,0,0,0,0,0,0,0,0,0,0,0,0,0,0,0,0
 Intesa Sanpaolo,0,0,0,0,1,0,0,0,0,0,0,0,0,0,0,0,0,0,0,0,0,0,0,0,0,0,0,0,0,0,0,0,0,0,0,0,0,0,0,0,0,0,0,0,0,0,0,0,0,0,0,0,0,0,0,0,0,0,0,0,0,0,0,0,0,0,0,0,0,0,0,0,0,0,0,0,0,0,0,0,0,0,0,0,0,0,0,0,0,0,0,0,0,0,0,0,0,0,0,0,0,0,0,0,0,0,0,0,0,0,0,0,0,0,0,0,0,0,0,0,0,0,0,0,0,0,0,0,0,0,0,0,0,0,0,0,0,0,0,0,0,0,0,0,0,0,0,0,0,0,0,0,0,0,0,0,0,0,0,0,0,0,0,0,0,0,0,0,0,0,0,0,0,0,0,0,0,0,0,0,0,0,0,0,0,0,0,0,0,0,0,0,0,0,0,0,0,0,0,0,0,0,0,0,0,0,0,0,0,0,0,0,0,0,0,0,0,0,0,0,0,0,0,0,0,0,0,0,0,0,0,0,0,0,0,0,0,0,0,0,0,0,0,0,0,0,0,0,0,0,0,0,0,0,0,0,0,0,0,0,0,0,0,0
 Merrill Lynch/BAS,1,-1,-1,1,1,0,1,-1,1,1,1,-1,1,-1,-1,0,0,1,1,-1,1,0,0,-1,1,0,0,-1,1,1,1,1,1,0,1,-1,1,-1,1,1,-1,-1,1,-1,0,-1,1,-1,1,-1,1,1,0,0,0,-1,1,0,1,0,-1,0,-1,0,0,0,0,0,0,0,0,0,0,0,0,0,0,0,0,0,0,0,0,0,0,0,0,0,0,0,0,0,0,0,0,0,0,0,0,0,0,0,0,0,0,0,0,0,0,0,0,0,0,0,0,0,0,0,0,0,0,0,0,0,0,0,0,0,0,0,0,0,0,0,0,0,0,0,0,0,0,0,0,0,0,0,0,0,0,0,0,0,0,0,0,0,0,0,0,0,0,0,0,0,0,0,0,0,0,0,0,0,0,0,0,0,0,0,0,0,0,0,0,0,0,0,0,0,0,0,0,0,0,0,0,0,0,0,0,0,0,0,0,0,0,0,0,0,0,0,0,0,0,0,0,0,0,0,0,0,0,0,0,0,0,0,0,0,0,0,0,0,0,0,0,0,0,0,0,0,0,0,0,0,0,0,0,0,0,0,0,0,0,0,0,0,0,0,0,0,0,0,0,0
 Pierian Capital,0,0,0,0,0,0,0,0,0,0,0,0,0,0,0,0,0,0,0,0,0,0,0,0,0,0,0,0,0,0,0,0,0,0,0,0,0,0,0,0,0,0,0,0,0,0,0,0,0,0,0,0,0,0,0,0,0,0,0,0,0,0,0,0,0,0,0,0,0,0,0,0,0,0,0,0,0,0,0,0,0,0,0,0,0,0,0,0,0,0,0,0,0,0,0,0,0,0,0,0,0,0,0,0,0,0,0,0,0,0,0,0,0,0,0,0,0,0,0,0,0,0,0,0,0,0,0,-1,-1,0,0,1,0,0,1,0,0,0,0,0,0,0,0,0,0,0,0,0,0,0,0,0,0,0,0,0,0,0,0,0,0,0,0,0,0,0,0,-1,0,-1,0,-1,0,0,0,0,0,0,0,0,0,0,0,0,0,0,0,0,0,0,0,0,0,0,0,0,0,0,0,0,0,0,0,0,0,0,0,0,0,0,0,0,0,0,0,0,0,0,0,0,0,0,0,0,0,0,0,0,0,0,0,0,0,0,0,0,0,0,0,0,0,0,0,0,0,0,0,0,0,0,0,0,0,0,0,0,0,0,0,0,0,0,0,0
 RBC Capital Markets,0,0,0,0,0,0,0,0,0,0,0,0,0,0,0,0,0,0,0,0,0,0,0,0,0,0,0,0,-1,1,1,-1,-1,1,-1,-1,1,-1,1,1,-1,-1,1,0,0,0,0,0,0,0,0,0,0,0,0,-1,0,0,1,1,0,1,-1,0,-1,-1,-1,-1,1,0,-1,-1,-1,0,-1,-1,1,-1,-1,-1,-1,-1,0,1,-1,0,1,-1,1,1,-1,0,1,-1,1,1,1,1,1,1,0,-1,1,-1,-1,0,-1,1,-1,0,0,0,0,0,0,0,0,0,0,0,0,0,0,0,0,0,0,0,0,0,0,0,0,0,0,0,0,0,0,0,0,0,0,0,0,0,0,0,0,0,0,0,0,0,0,0,0,0,0,0,0,0,0,0,0,0,0,0,0,0,0,0,0,0,0,0,0,0,0,0,0,0,0,0,0,0,0,0,0,0,0,0,0,0,0,0,0,0,0,0,0,0,0,0,0,0,0,0,0,0,0,0,0,0,0,0,0,0,0,0,0,0,0,0,0,0,0,0,0,0,0,0,0,0,0,0,0,0,0,0,0,0,0,0,0,0,0,0,0,0,0,0,0,0,0,0,0,0,0,0,0,0,0,0
 Stone & McCarthy Research,1,-1,-1,-1,-1,-1,-1,-1,1,1,1,1,-1,-1,0,-1,-1,-1,-1,1,-1,0,0,1,-1,-1,0,-1,1,1,1,0,-1,-1,1,-1,-1,-1,1,-1,-1,-1,1,-1,-1,1,1,-1,1,-1,1,1,-1,-1,-1,-1,1,-1,1,0,1,1,-1,-1,-1,1,-1,-1,1,1,-1,-1,-1,0,-1,1,1,-1,-1,-1,1,1,-1,-1,-1,1,1,-1,1,-1,-1,-1,1,-1,-1,1,1,1,1,-1,-1,1,1,-1,1,-1,-1,1,-1,1,-1,1,-1,-1,-1,-1,-1,-1,-1,1,-1,-1,-1,0,-1,0,-1,-1,-1,1,-1,1,-1,-1,-1,-1,-1,-1,-1,-1,1,-1,-1,1,-1,1,-1,1,-1,1,-1,-1,1,1,-1,1,1,-1,-1,-1,-1,-1,-1,-1,1,-1,1,1,1,-1,-1,-1,1,1,-1,-1,-1,0,1,-1,-1,-1,-1,-1,-1,-1,-1,-1,-1,-1,-1,-1,-1,-1,-1,1,0,1,1,1,-1,-1,1,1,1,-1,1,1,1,-1,0,0,0,0,0,0,0,1,-1,1,-1,-1,-1,-1,1,-1,-1,-1,1,0,1,-1,-1,-1,-1,-1,-1,-1,-1,1,-1,-1,1,-1,-1,-1,-1,-1,1,-1,1,-1,-1,-1,-1,-1,1,1,-1,1,-1,0,-1,-1
Adam Chester HBOS Treasury Services,0,0,0,0,0,0,0,0,1,0,0,0,0,0,-1,0,0,0,0,0,0,0,0,0,0,0,0,0,0,0,0,0,0,0,0,0,0,0,0,0,0,0,0,0,0,0,0,0,0,0,0,0,0,0,0,0,0,0,0,0,0,0,0,0,0,0,0,0,0,0,0,0,0,0,0,0,0,0,0,0,0,0,0,0,0,0,0,0,0,0,0,0,0,0,0,0,0,0,0,0,0,0,0,0,0,0,0,0,0,0,0,0,0,0,0,0,0,0,0,0,0,0,0,0,0,0,0,0,0,0,0,0,0,0,0,0,0,0,0,0,0,0,0,0,0,0,0,0,0,0,0,0,0,0,0,0,0,0,0,0,0,0,0,0,0,0,0,0,0,0,0,0,0,0,0,0,0,0,0,0,0,0,0,0,0,0,0,0,0,0,0,0,0,0,0,0,0,0,0,0,0,0,0,0,0,0,0,0,0,0,0,0,0,0,0,0,0,0,0,0,0,0,0,0,0,0,0,0,0,0,0,0,0,0,0,0,0,0,0,0,0,0,0,0,0,0,0,0,0,0,0,0,0,0,0,0,0,0,0,0,0,0,0,0
Andrew Zatlin Southbay Research,0,0,0,0,0,0,0,0,0,0,0,0,0,0,0,0,0,0,0,0,0,0,0,0,0,0,0,0,0,0,0,0,0,0,0,0,0,0,0,0,0,0,0,0,0,0,0,0,0,0,0,0,0,0,0,0,0,0,0,0,0,0,0,0,0,0,0,0,0,0,0,0,0,0,0,0,0,0,0,0,0,0,0,0,0,0,0,0,0,0,0,0,0,0,0,0,0,0,0,0,0,0,0,0,0,0,0,0,0,0,0,0,0,0,0,0,0,0,0,0,0,0,0,0,0,0,0,0,0,0,0,0,0,0,0,0,0,0,0,0,0,0,0,0,0,0,0,0,0,0,0,0,0,0,0,0,0,0,0,0,0,0,0,0,0,0,0,0,0,0,0,0,0,0,0,0,0,0,0,0,0,0,0,0,0,0,0,0,0,0,0,0,0,0,0,0,0,0,0,0,0,0,0,0,0,0,0,0,0,0,0,0,0,0,0,0,0,0,0,0,0,0,0,0,0,0,0,0,0,0,0,0,-1,1,-1,1,1,-1,-1,1,1,-1,1,-1,-1,-1,-1,1,1,-1,1,-1,-1,-1,1,-1,1,1,-1,1,-1,0,1,-1
Anthony Chan JPMorgan's Private Wealth Man.,0,-1,-1,0,-1,1,1,0,0,1,1,0,0,1,0,0,0,1,-1,-1,-1,0,0,0,-1,0,0,0,0,0,0,0,1,0,0,0,-1,-1,0,0,-1,0,0,0,0,0,0,0,1,0,0,0,0,0,0,0,-1,0,0,0,0,0,0,0,0,0,0,0,0,0,0,0,0,0,0,0,0,0,0,0,0,0,0,0,0,0,0,0,0,0,0,0,0,0,0,0,0,0,0,0,0,0,0,0,0,0,0,0,0,0,0,0,0,0,0,0,0,0,0,0,0,0,0,0,0,0,0,0,0,0,0,0,0,0,0,0,0,0,0,0,0,0,0,0,0,0,0,0,0,0,0,0,0,0,0,0,0,0,0,0,0,0,0,0,0,0,0,0,0,0,0,0,0,0,0,0,0,0,0,0,0,0,0,0,0,0,0,0,0,0,0,0,0,0,0,0,0,0,0,0,0,0,0,0,0,0,0,0,0,0,0,0,0,0,0,0,0,0,0,0,0,0,0,0,0,0,0,0,0,0,0,0,0,0,0,0,0,0,0,0,0,0,0,0,0,0,0,0,0,0,0,0,0,0,0,0,0,0,0,0,0,0,0,0
Bastian Hepperle WestLB AG,0,0,0,0,0,0,0,0,0,0,0,0,0,0,0,0,0,0,0,0,0,0,0,0,0,0,0,0,0,0,0,0,0,0,0,0,0,0,0,0,0,0,0,0,0,0,0,0,0,0,0,0,0,0,0,0,0,0,0,0,0,0,0,0,0,0,0,0,0,0,0,0,0,0,0,0,0,0,0,0,0,0,0,0,0,0,0,0,0,0,0,0,0,0,0,0,0,0,0,0,0,0,0,0,0,0,0,0,0,0,0,0,0,0,0,0,1,0,0,1,-1,0,0,0,-1,0,0,-1,0,0,0,0,0,0,0,0,-1,0,0,0,0,0,0,0,0,0,0,0,0,0,0,0,0,0,0,0,0,0,0,0,0,0,0,0,0,0,0,0,0,0,0,0,0,0,0,0,0,0,0,0,0,0,0,0,0,0,0,0,0,0,0,0,0,0,0,0,0,0,0,0,0,0,0,0,0,0,0,0,0,0,0,0,0,0,0,0,0,1,0,0,0,0,0,0,0,0,0,0,0,0,0,0,0,0,0,0,0,0,0,0,0,0,0,0,0,0,0,0,0,0,0,0,0,0,0,0,0,0,0,0,0,0,0,0
Bernd Krampen Nord/LB,0,-1,-1,-1,-1,1,1,-1,-1,-1,-1,0,0,0,0,-1,0,-1,0,-1,1,0,0,0,-1,0,0,-1,-1,1,1,0,-1,1,1,-1,-1,-1,0,1,-1,0,0,0,0,0,0,0,0,0,0,1,0,0,0,-1,-1,-1,1,1,1,1,-1,-1,-1,1,-1,-1,1,1,-1,-1,0,0,0,1,0,-1,0,0,1,-1,1,1,-1,-1,1,-1,0,0,0,-1,-1,-1,0,-1,1,1,0,1,-1,0,0,-1,1,-1,0,0,0,0,1,0,-1,0,-1,0,1,-1,-1,-1,0,-1,-1,0,-1,0,1,-1,-1,1,0,0,-1,-1,1,-1,-1,1,-1,-1,-1,0,-1,0,-1,1,1,0,-1,1,-1,-1,1,1,-1,-1,-1,-1,-1,0,0,-1,-1,1,-1,-1,-1,0,1,-1,-1,-1,1,-1,-1,0,1,0,1,-1,-1,-1,1,0,1,0,-1,-1,-1,-1,0,-1,1,-1,0,1,-1,1,1,1,-1,-1,-1,-1,1,-1,1,-1,-1,-1,0,0,0,0,0,0,0,1,-1,-1,1,-1,-1,-1,-1,-1,-1,-1,-1,0,1,-1,-1,-1,-1,0,-1,0,-1,-1,1,-1,-1,-1,-1,0,0,0,-1,-1,-1,-1,-1,-1,0,-1,1,1,-1,-1,-1,0,0,0
Besch/Luetje DekaBank,0,0,0,0,0,0,0,0,0,0,0,0,0,0,0,0,0,0,0,0,0,0,0,0,0,0,0,0,0,0,0,0,0,0,0,0,0,0,0,0,0,0,0,0,0,0,0,0,0,0,0,0,0,0,0,0,0,0,0,0,0,0,0,0,0,0,0,0,0,0,0,0,0,0,0,0,0,-1,0,0,0,0,0,0,0,0,0,0,0,0,0,0,0,0,0,0,0,0,0,0,0,0,0,0,0,0,0,0,0,0,0,0,0,0,0,0,0,0,0,0,0,0,0,0,0,0,0,0,0,0,0,0,0,0,0,0,0,0,0,0,0,0,0,0,0,0,0,0,0,0,0,0,0,0,0,0,0,0,0,0,0,0,0,0,0,0,0,0,0,0,0,0,0,0,0,0,0,0,0,0,0,0,0,0,0,0,0,0,0,0,0,0,0,0,0,0,0,0,0,0,0,0,0,0,0,0,0,0,0,0,0,0,0,0,0,0,0,0,0,0,0,0,0,0,0,0,0,0,0,0,0,0,0,0,0,0,0,0,0,0,0,0,0,0,0,0,0,0,0,0,0,0,0,0,0,0,0,0,0,0,0,0,0,0
Beth Ann Bovino Standard & Poor's,0,0,0,0,0,0,0,0,0,0,0,0,0,0,0,0,0,0,0,0,0,0,0,0,0,0,0,0,0,0,0,0,0,0,0,0,0,0,0,0,0,0,0,0,0,0,0,0,0,0,0,0,0,0,0,0,0,0,0,0,0,0,0,0,0,0,0,0,0,0,0,0,0,0,0,0,0,0,0,0,0,0,0,0,0,0,0,0,0,0,0,0,0,0,0,0,0,0,0,0,0,0,0,0,0,0,0,0,0,0,0,0,0,0,0,0,0,0,0,0,0,0,0,0,0,0,0,0,0,0,0,0,0,0,0,0,0,0,0,0,0,0,0,0,0,0,0,0,0,0,0,0,0,0,0,0,0,0,0,0,0,0,0,0,0,0,0,0,0,0,0,0,0,0,0,0,0,0,0,0,0,0,0,0,0,0,0,0,0,0,0,0,-1,-1,-1,1,-1,1,0,0,0,0,0,0,0,0,0,0,0,0,0,0,0,0,0,0,0,0,0,0,0,0,0,0,0,0,0,0,0,0,0,0,0,0,0,0,0,0,0,0,0,0,0,0,0,0,0,0,0,0,0,0,0,0,0,0,0,0,0,0,0,0,0,0
Bill Cheney John Hancock Financial,0,0,0,0,0,0,0,0,0,0,0,0,0,0,0,0,0,0,0,0,0,0,0,0,0,0,0,0,0,0,0,0,0,0,0,0,0,0,0,0,0,0,0,0,0,0,0,0,0,0,0,0,0,0,0,0,0,0,0,0,0,0,0,0,0,0,0,0,0,0,0,0,0,0,0,0,0,0,0,0,0,0,0,0,0,0,0,0,0,0,0,0,0,0,0,0,0,0,0,0,0,0,0,0,0,0,0,0,0,0,0,0,0,0,0,0,0,0,0,0,0,0,0,0,0,0,0,0,0,0,0,0,0,0,0,0,0,0,0,0,0,0,0,0,0,0,0,0,0,0,0,0,0,0,0,0,0,0,0,0,0,0,0,0,0,0,0,0,0,0,0,0,0,0,0,0,0,0,0,0,0,0,0,0,0,0,0,0,0,0,0,-1,-1,0,0,0,0,0,0,0,0,0,0,0,0,0,-1,-1,-1,-1,0,0,0,0,0,0,0,-1,-1,1,-1,-1,-1,-1,-1,-1,-1,-1,-1,0,-1,-1,-1,-1,0,0,-1,-1,-1,-1,-1,-1,-1,-1,-1,-1,-1,0,1,-1,-1,0,-1,0,-1,-1,1,-1,-1,0,-1,0,1,-1
Brian M. Jones Societe Generale,0,0,0,0,0,0,0,0,0,0,0,0,0,0,0,0,0,0,0,0,0,0,0,0,0,0,0,0,0,0,0,0,0,0,0,0,0,0,0,0,0,0,0,0,0,0,0,0,0,0,0,0,0,0,0,0,0,0,0,0,0,0,0,0,0,0,0,0,0,0,0,0,0,0,0,0,0,0,0,0,0,0,0,0,0,0,0,0,0,0,0,0,0,0,0,0,0,0,0,0,0,0,0,0,0,0,0,0,0,0,0,0,0,0,0,0,0,0,0,0,0,0,-1,0,-1,0,-1,-1,-1,-1,0,-1,0,-1,-1,-1,-1,1,-1,-1,-1,-1,-1,-1,-1,1,-1,1,1,1,-1,1,1,-1,-1,1,1,-1,-1,1,-1,-1,-1,1,1,-1,1,1,1,-1,-1,-1,-1,-1,-1,-1,-1,0,1,-1,-1,-1,1,-1,-1,-1,-1,-1,-1,-1,-1,-1,1,-1,-1,-1,1,1,-1,-1,-1,-1,1,1,1,-1,-1,-1,1,-1,0,0,0,0,0,0,0,1,-1,1,-1,-1,-1,-1,1,-1,-1,-1,1,0,1,-1,-1,-1,0,1,-1,-1,-1,1,-1,-1,-1,-1,-1,-1,-1,1,1,-1,1,-1,-1,-1,-1,-1,1,1,-1,-1,-1,0,1,-1
Chris Rupkey Bank of Tokyo- Mitsubishi UFJ,0,0,0,0,0,0,0,0,0,0,0,0,0,0,0,0,0,0,0,0,0,0,0,0,0,0,0,0,0,0,0,0,0,0,0,0,0,0,0,0,0,0,0,0,0,0,0,0,0,0,0,0,0,0,0,0,0,0,0,0,0,0,0,0,0,0,0,0,0,0,0,0,0,0,0,0,0,0,0,0,0,0,0,0,0,0,0,0,0,0,0,0,0,0,0,0,0,0,0,0,0,0,0,0,0,0,0,0,0,0,0,0,0,0,0,0,0,0,0,0,0,0,0,0,0,0,0,0,0,0,0,0,0,0,0,0,0,0,0,0,0,0,0,0,0,0,0,0,0,0,0,-1,1,-1,-1,-1,-1,-1,-1,0,0,0,0,0,0,-1,0,-1,0,0,-1,-1,0,1,-1,0,-1,0,1,0,0,-1,0,-1,0,0,0,0,0,0,0,0,1,-1,0,1,1,0,-1,1,-1,0,0,0,1,0,0,0,0,0,0,0,0,0,0,0,0,1,-1,1,1,0,-1,0,0,0,-1,0,1,0,1,-1,0,0,0,-1,0,0,0,0,0,-1,-1,0,-1,-1,0,1,-1,-1,0,-1,0,0,1,-1,-1,-1,-1,0,-1,0,1,-1
Christoph Schroeter Bayerische Landesbank,0,0,0,0,0,0,0,0,0,0,0,0,0,0,0,0,0,0,0,0,0,0,0,0,0,0,0,0,0,0,0,0,0,0,0,0,0,0,0,0,0,0,0,0,0,0,0,0,0,0,0,0,0,0,0,0,0,0,0,0,0,0,0,0,0,0,0,0,0,0,0,0,0,0,0,0,0,0,0,0,0,0,0,0,0,0,0,0,0,0,0,0,0,0,0,0,0,0,0,0,0,0,0,0,0,0,0,0,0,0,0,0,0,0,0,0,0,0,0,0,0,0,0,0,0,0,0,0,0,0,0,0,0,-1,0,0,0,0,0,0,0,0,0,0,0,0,0,0,0,0,0,0,0,1,0,0,0,0,0,0,0,0,0,0,0,0,0,0,0,0,0,0,0,0,0,0,0,0,0,0,0,0,0,0,0,0,0,0,0,0,0,0,0,0,0,0,0,0,0,-1,0,0,0,0,0,0,0,0,0,0,0,0,0,0,0,0,0,0,0,0,0,0,0,0,0,0,0,0,0,0,0,0,0,0,0,0,0,0,0,0,0,0,0,0,0,0,0,0,0,0,0,0,0,0,0,0,0,0,0,0,0,0,0,0
Claudia Windt Helaba,0,0,0,0,0,0,0,0,0,0,0,0,0,0,0,0,0,0,0,0,-1,0,0,0,0,0,0,0,0,0,0,0,0,0,0,0,0,0,0,0,0,0,0,0,0,0,0,0,0,0,0,0,0,0,0,0,0,0,0,0,0,0,0,0,0,0,0,0,0,0,0,0,0,0,0,0,0,0,0,0,0,0,0,0,0,0,0,0,0,0,0,0,0,0,0,0,0,0,0,0,0,0,0,0,0,0,0,0,0,0,0,0,0,0,0,0,0,0,0,0,0,0,0,0,0,0,0,0,0,0,0,0,0,0,0,0,0,0,0,0,0,0,0,0,0,0,0,0,0,0,0,0,0,0,0,0,0,0,0,0,0,0,0,0,0,0,0,0,0,0,0,0,0,0,0,0,0,0,0,0,0,0,0,0,0,0,0,0,0,0,0,0,0,0,0,0,0,0,0,0,0,0,0,0,0,0,0,0,0,0,0,0,0,0,0,0,0,0,0,0,0,0,0,0,0,0,0,0,0,0,0,0,0,0,0,0,0,0,0,0,0,0,0,0,0,0,0,0,0,0,0,0,0,0,0,0,0,0,0,0,0,0,0,0
Clement Gignac National Bank Financial,0,0,0,0,0,0,0,0,0,0,0,0,0,0,0,0,0,0,0,0,0,0,0,0,0,0,0,0,0,0,0,0,0,0,0,0,0,0,0,0,0,0,0,0,0,0,0,0,0,-1,0,0,0,0,0,0,0,0,0,0,0,0,0,0,0,0,0,0,0,0,0,0,0,0,0,0,0,0,0,0,0,0,0,0,0,0,0,0,0,0,0,0,0,0,0,0,0,0,0,0,0,0,0,0,0,0,0,0,0,0,0,0,0,0,0,0,0,0,0,0,0,0,0,0,0,0,0,0,0,0,0,0,0,0,0,0,0,0,0,0,0,0,0,0,0,0,0,0,0,0,0,0,0,0,0,0,0,0,0,0,0,0,0,0,0,0,0,0,0,0,0,0,0,0,0,0,0,0,0,0,0,0,0,0,0,0,0,0,0,0,0,0,0,0,0,0,0,0,0,0,0,0,0,0,0,0,0,0,0,0,0,0,0,0,0,0,0,0,0,0,0,0,0,0,0,0,0,0,0,0,0,0,0,0,0,0,0,0,0,0,0,0,0,0,0,0,0,0,0,0,0,0,0,0,0,0,0,0,0,0,0,0,0,0
Concepcion Sanz Banesto,0,0,0,0,0,-1,0,0,0,0,0,0,0,0,0,0,0,0,0,0,0,0,0,0,0,0,0,0,0,0,0,0,0,0,0,0,0,0,0,0,0,0,0,0,0,0,0,0,0,0,0,1,-1,-1,-1,-1,-1,0,1,1,1,0,-1,0,-1,-1,-1,-1,1,1,-1,0,-1,0,-1,1,1,-1,0,0,1,1,1,1,-1,1,1,-1,1,1,-1,0,1,1,0,0,0,0,0,0,0,0,0,0,0,0,0,0,0,0,0,0,0,-1,-1,0,1,-1,-1,0,0,-1,-1,0,-1,0,1,-1,-1,0,0,0,0,-1,1,-1,-1,1,-1,-1,0,0,0,0,0,0,0,-1,0,0,0,0,0,0,0,0,0,0,0,0,0,0,0,0,1,0,0,0,0,0,0,0,0,0,0,0,0,0,0,0,0,0,0,0,0,0,0,0,0,0,0,0,0,0,0,0,0,0,0,0,0,0,0,0,0,0,0,0,0,0,0,0,0,0,0,0,0,0,0,0,0,0,0,0,0,0,0,0,0,0,0,0,0,0,0,0,0,0,0,0,0,0,0,0,0,0,0,0,0,0,0,0,0,0,0,0,0,0,0,0,0,0,0,0
Crandall/Jordan Wrightson ICAP,0,0,0,0,1,1,1,-1,1,1,1,0,1,1,-1,-1,0,1,0,0,-1,0,0,0,1,-1,0,0,-1,1,1,1,0,-1,1,-1,-1,-1,-1,0,-1,-1,1,0,0,1,-1,-1,1,-1,0,1,-1,-1,-1,-1,1,-1,1,-1,-1,-1,-1,-1,-1,-1,-1,-1,1,-1,-1,-1,1,0,-1,-1,1,-1,0,-1,-1,0,-1,0,-1,1,1,0,1,-1,0,0,1,0,0,1,0,1,0,0,-1,1,1,0,1,0,-1,1,-1,1,0,-1,-1,-1,-1,-1,1,-1,-1,-1,-1,-1,-1,0,-1,0,1,-1,0,0,0,0,1,-1,1,-1,0,0,-1,0,1,0,0,0,-1,1,-1,1,0,0,-1,1,1,-1,-1,1,1,-1,-1,0,-1,0,-1,-1,1,0,1,-1,-1,-1,-1,-1,1,-1,0,0,1,0,0,-1,0,0,0,0,0,0,0,0,-1,0,-1,0,0,0,0,0,0,0,0,0,0,0,0,0,0,0,0,0,0,0,0,0,0,0,0,0,0,0,0,0,0,0,0,0,0,0,0,0,0,0,0,0,0,0,0,0,0,0,0,0,0,0,0,0,0,0,0,0,0,0,0,0,0,0,0,0,0,0,0,0,0,0,0,0
Dan McLaughlin Bank of Ireland,0,0,0,0,0,0,0,0,0,0,0,0,0,0,0,0,0,0,0,0,0,0,0,0,0,0,0,0,0,0,0,0,0,0,0,0,0,0,0,0,0,0,0,0,0,0,0,0,0,0,0,0,0,0,0,0,0,0,0,0,0,0,0,0,0,0,0,0,0,0,0,0,0,0,0,0,0,0,0,0,0,0,0,0,0,0,0,0,0,0,0,0,0,0,0,0,0,0,0,0,0,0,0,0,0,0,0,0,0,0,0,0,0,0,0,0,0,0,0,0,0,0,0,0,0,0,0,0,0,0,0,0,0,0,0,0,0,0,0,0,0,0,0,0,0,0,0,0,0,0,0,0,0,0,0,0,0,0,0,0,0,0,0,0,0,0,0,0,0,0,0,0,0,0,0,0,0,0,0,0,0,0,0,0,0,0,0,0,0,0,0,0,0,0,0,0,0,0,0,0,0,0,0,0,0,0,0,0,0,0,0,0,0,0,0,0,0,0,0,0,0,0,0,0,0,0,0,0,-1,0,0,0,0,0,0,0,0,0,0,0,0,0,0,0,0,0,0,0,0,0,0,0,0,0,0,0,0,0,0,0,0,0,0,0
Dariusz Kowalczyk SJS Markets LTD,0,-1,-1,1,-1,1,1,-1,1,0,0,1,1,0,0,-1,1,0,0,0,0,0,0,0,0,0,0,0,0,0,0,0,0,0,0,0,0,0,0,0,0,0,0,0,0,0,0,0,0,0,0,0,0,0,0,0,0,0,0,0,0,0,0,0,0,0,0,0,0,0,0,0,0,0,0,0,0,0,0,0,0,0,0,0,0,0,0,0,0,0,0,0,0,0,0,0,0,0,0,0,0,0,0,0,0,0,0,0,0,0,0,0,0,0,0,0,0,0,0,0,0,0,0,0,0,0,0,0,0,0,0,0,0,0,0,0,0,0,0,0,0,0,0,0,0,0,0,0,0,0,0,0,0,0,0,0,0,0,0,0,0,0,0,0,0,0,0,0,0,0,0,0,0,0,0,0,0,0,0,0,0,0,0,0,0,0,0,0,0,0,0,0,0,0,0,0,0,0,0,0,0,0,0,0,0,0,0,0,0,0,0,0,0,0,0,0,0,0,0,0,0,0,0,0,0,0,0,0,0,0,0,0,0,0,0,0,0,0,0,0,0,0,0,0,0,0,0,0,0,0,0,0,0,0,0,0,0,0,0,0,0,0,0,0
David Greenlaw Morgan Stanley & Co.,0,0,0,0,0,0,0,0,0,0,0,0,0,0,0,0,0,0,0,0,0,0,0,0,0,0,0,0,0,1,0,0,0,0,0,0,0,0,0,0,0,0,0,0,0,0,0,0,0,0,0,0,-1,-1,0,0,0,0,0,0,0,1,-1,-1,-1,0,-1,0,1,0,0,0,-1,0,0,-1,0,0,-1,0,0,0,0,0,0,0,0,0,0,0,0,0,0,0,1,0,0,1,1,0,0,1,1,0,1,0,0,0,-1,0,1,0,-1,0,-1,0,1,0,-1,-1,-1,0,-1,0,-1,0,1,-1,-1,1,0,0,1,-1,0,-1,0,-1,-1,-1,-1,0,-1,0,0,0,0,0,0,0,0,0,0,0,0,-1,0,0,-1,0,0,0,0,1,0,0,0,0,0,0,-1,0,-1,1,0,0,-1,0,-1,0,-1,0,0,-1,1,0,0,0,0,0,-1,0,1,-1,0,-1,0,0,0,1,0,-1,0,1,0,-1,0,0,0,-1,0,0,0,0,0,0,0,1,-1,0,1,0,-1,-1,0,-1,0,-1,1,0,1,-1,-1,0,-1,0,1,-1,0,1,-1,0,0,0,-1,0,0,0,0,0,0,0,0,0,0,0,0,0,0,0,0,0,0,0
David Semmens Standard Chartered,0,0,0,0,0,0,0,0,0,0,0,0,0,0,0,0,0,0,1,0,0,0,0,0,0,0,0,0,0,0,0,0,0,0,0,0,0,0,0,0,0,0,0,0,0,0,0,0,0,0,0,1,0,0,-1,0,0,0,0,0,0,0,0,0,0,0,0,0,0,0,0,0,0,0,0,0,0,0,0,0,0,0,0,0,0,0,0,0,0,0,0,-1,0,0,0,0,0,0,0,0,0,0,0,0,0,0,0,0,0,1,0,-1,-1,-1,-1,0,-1,-1,-1,0,-1,-1,-1,0,-1,0,-1,-1,-1,0,0,0,-1,-1,-1,-1,-1,-1,0,0,0,0,0,0,0,0,-1,0,1,1,-1,-1,-1,-1,-1,-1,-1,-1,-1,1,-1,-1,-1,-1,-1,-1,1,-1,-1,-1,-1,-1,1,-1,-1,-1,-1,0,1,-1,-1,0,0,0,-1,-1,-1,-1,-1,-1,-1,-1,-1,-1,-1,1,-1,1,1,1,-1,-1,-1,-1,-1,-1,-1,-1,1,-1,0,0,0,0,0,0,0,-1,-1,-1,1,-1,-1,-1,-1,0,-1,-1,-1,0,1,-1,-1,-1,0,-1,1,-1,-1,1,0,0,0,0,0,0,0,0,0,0,0,0,0,0,0,0,0,0,0,0,0,0,0,0
David Sloan 4CAST Ltd.,0,-1,-1,1,1,-1,1,-1,-1,-1,-1,1,1,-1,1,-1,1,1,1,1,-1,0,-1,1,0,-1,0,-1,1,-1,-1,-1,1,-1,-1,-1,1,-1,0,1,-1,-1,1,-1,0,0,-1,-1,1,-1,-1,1,-1,-1,-1,-1,1,-1,1,1,1,1,-1,0,-1,1,-1,-1,1,-1,-1,-1,-1,0,-1,-1,-1,-1,-1,-1,1,1,1,1,-1,-1,1,-1,1,-1,-1,-1,-1,-1,-1,1,1,1,1,1,-1,1,-1,-1,1,-1,-1,1,-1,1,1,1,-1,-1,-1,-1,1,-1,-1,1,-1,-1,-1,0,-1,0,0,0,0,0,0,0,0,0,0,0,0,0,0,0,0,0,0,0,0,0,0,0,0,0,0,0,0,0,0,0,0,0,0,0,0,0,0,0,0,0,0,0,0,0,0,0,0,0,0,0,0,0,0,0,0,0,0,0,0,0,0,0,0,0,0,0,0,0,0,0,0,0,0,0,0,0,0,0,0,0,0,0,0,0,0,0,0,0,0,0,0,0,0,0,0,0,0,0,0,0,0,0,0,0,0,0,0,0,0,0,0,0,0,0,0,0,0,0,0,0,0,0,0,0,0,0,0,0,0,0,0,0,0,0,0,0,0,0
Dean Maki Barclays,-1,-1,-1,-1,-1,1,1,-1,1,1,1,1,-1,1,1,-1,-1,1,1,1,-1,0,-1,1,-1,0,0,-1,1,0,-1,1,1,1,1,-1,1,-1,1,1,-1,-1,1,-1,-1,1,1,-1,1,-1,1,1,-1,-1,-1,-1,1,0,-1,-1,1,-1,-1,-1,-1,1,-1,-1,1,1,-1,-1,-1,0,-1,1,1,-1,-1,-1,-1,-1,-1,-1,-1,1,-1,-1,-1,-1,-1,-1,1,1,1,1,1,-1,-1,-1,-1,-1,-1,-1,-1,-1,-1,1,-1,-1,1,1,-1,-1,-1,-1,-1,-1,-1,1,-1,-1,-1,0,-1,0,-1,-1,-1,-1,-1,1,-1,-1,-1,-1,-1,1,-1,-1,1,-1,-1,-1,-1,-1,1,-1,-1,1,-1,-1,-1,-1,-1,-1,0,-1,-1,-1,-1,-1,-1,-1,1,-1,1,-1,1,-1,-1,-1,1,-1,-1,-1,-1,0,1,-1,-1,-1,1,-1,-1,-1,-1,-1,-1,0,-1,-1,-1,-1,-1,-1,1,1,1,1,-1,-1,1,-1,1,-1,1,1,1,-1,0,0,0,0,0,0,0,1,-1,-1,-1,0,-1,-1,1,-1,-1,-1,-1,0,1,-1,-1,-1,-1,-1,1,-1,-1,1,1,-1,1,-1,-1,-1,-1,1,-1,-1,1,-1,-1,-1,1,-1,1,1,-1,1,-1,0,1,-1
Derek Holt Scotiabank,0,0,-1,-1,0,0,-1,-1,1,1,1,0,1,-1,-1,-1,1,1,1,1,-1,0,-1,1,1,0,0,-1,1,0,1,1,1,1,0,-1,1,0,1,1,-1,-1,1,-1,-1,-1,1,-1,1,-1,-1,1,-1,-1,-1,-1,-1,-1,1,1,1,1,-1,-1,-1,-1,-1,-1,1,1,-1,-1,-1,0,0,-1,0,-1,0,0,-1,-1,-1,-1,-1,-1,-1,-1,-1,-1,-1,-1,-1,-1,1,-1,-1,-1,-1,-1,-1,1,1,0,0,-1,-1,-1,-1,-1,1,1,-1,-1,-1,-1,-1,-1,-1,-1,-1,-1,-1,0,-1,0,-1,-1,-1,1,-1,-1,1,-1,1,-1,-1,1,-1,-1,1,-1,-1,1,-1,1,1,1,1,-1,-1,1,1,1,-1,1,1,-1,-1,1,-1,-1,-1,1,-1,-1,-1,1,1,-1,-1,-1,1,-1,-1,-1,1,0,1,-1,-1,-1,-1,-1,1,-1,1,-1,-1,-1,-1,-1,-1,-1,-1,1,-1,1,0,0,-1,-1,1,1,1,-1,1,-1,1,-1,0,0,0,0,0,0,0,1,-1,1,1,-1,-1,0,1,-1,-1,-1,-1,0,-1,-1,-1,1,-1,1,0,-1,-1,1,1,-1,1,-1,-1,-1,-1,1,-1,-1,1,-1,-1,-1,1,-1,1,1,-1,1,-1,0,1,-1
Dirk Chlench Landesbank BW,0,0,0,0,0,0,0,0,0,0,0,0,0,0,0,0,0,0,0,0,0,0,0,0,0,0,0,0,0,0,0,0,0,0,0,0,0,0,0,0,0,0,0,0,0,0,0,0,0,0,0,0,0,0,0,0,0,0,0,0,0,0,0,0,0,0,0,0,0,0,0,0,0,0,0,0,0,0,0,0,0,0,0,0,0,0,0,0,0,0,0,0,0,0,0,0,0,0,0,0,0,0,0,0,0,0,0,0,0,0,0,0,0,0,0,0,0,0,0,0,0,0,0,0,0,0,0,0,0,0,0,0,0,-1,1,-1,-1,1,-1,-1,1,-1,-1,-1,-1,0,0,0,-1,-1,-1,0,-1,-1,-1,-1,0,0,0,0,0,-1,-1,0,0,0,0,0,0,0,0,0,0,0,0,0,0,0,0,0,0,0,0,0,0,0,0,0,0,0,0,0,0,0,0,0,0,0,0,0,0,0,0,0,0,0,0,0,0,0,0,0,0,0,0,0,0,0,0,0,0,0,0,0,0,0,0,0,0,0,0,0,0,0,0,0,0,0,0,0,0,0,0,0,0,0,0,0,0,0,0,0,0,0,0,0,0,0,0,0,0,0,0,0
Douglas Porter BMO Capital Markets,0,0,0,0,0,0,0,0,0,0,0,0,0,0,0,0,0,0,0,0,0,0,0,0,0,0,0,0,0,0,0,0,0,0,0,0,0,0,0,0,0,0,0,0,0,0,0,0,0,0,0,0,0,0,0,0,0,0,0,0,0,0,0,0,0,0,0,0,0,0,0,0,0,0,0,0,0,0,0,0,0,0,0,0,0,0,0,0,0,0,0,0,0,0,0,0,0,0,0,0,0,0,0,0,0,0,0,0,0,0,0,0,0,0,0,0,0,0,0,0,0,0,0,0,0,0,0,0,0,0,0,0,0,0,0,0,0,0,0,0,0,0,0,0,0,0,0,0,0,0,0,0,0,0,0,0,0,0,0,0,0,0,0,0,0,0,0,0,0,0,0,0,0,0,0,0,0,0,0,0,0,0,0,0,0,0,0,0,0,0,0,0,0,0,0,0,0,0,0,0,0,0,0,0,0,0,0,0,0,0,0,0,0,0,0,0,0,0,0,0,0,0,0,0,0,0,0,0,0,0,0,0,0,0,0,0,0,0,0,0,1,-1,1,-1,-1,-1,-1,1,-1,-1,-1,-1,-1,-1,1,0,1,-1,-1,1,1,0,-1,-1
Dupuis/Genereux Desjardins Group,1,-1,-1,-1,0,0,1,-1,1,1,-1,1,-1,1,1,-1,1,1,1,0,-1,0,-1,-1,1,0,0,0,-1,-1,-1,-1,-1,-1,-1,-1,-1,-1,-1,-1,-1,0,-1,-1,-1,-1,-1,-1,1,-1,1,1,-1,-1,-1,-1,1,-1,-1,1,1,1,-1,-1,-1,1,-1,-1,1,0,-1,-1,-1,0,-1,-1,1,-1,0,0,-1,1,0,1,-1,-1,1,-1,1,-1,-1,-1,-1,1,1,1,1,-1,-1,1,-1,1,1,-1,-1,-1,-1,-1,-1,-1,1,1,-1,-1,-1,-1,1,-1,-1,1,-1,-1,-1,0,-1,0,-1,0,-1,1,-1,0,1,-1,1,-1,-1,1,-1,0,1,-1,-1,1,-1,1,-1,-1,-1,-1,-1,-1,-1,-1,-1,0,-1,-1,-1,1,-1,-1,-1,1,1,-1,1,-1,-1,-1,-1,-1,1,1,-1,-1,1,0,1,-1,-1,-1,-1,-1,0,-1,1,-1,-1,-1,-1,-1,1,-1,-1,1,1,1,-1,-1,-1,-1,1,-1,1,-1,1,-1,1,-1,0,0,0,0,0,0,0,1,-1,-1,1,-1,-1,-1,-1,-1,-1,-1,-1,0,1,-1,-1,1,-1,0,0,-1,-1,-1,1,-1,1,-1,-1,-1,0,1,-1,0,1,-1,-1,-1,-1,-1,-1,1,-1,-1,-1,0,1,-1
E. Green/M. Mulraine TD Securities,1,-1,-1,1,1,-1,-1,-1,-1,-1,1,-1,-1,-1,1,-1,-1,-1,-1,1,-1,0,-1,1,1,0,0,-1,1,1,1,1,1,1,-1,-1,1,-1,1,1,-1,-1,1,-1,-1,-1,1,-1,-1,-1,-1,-1,-1,-1,-1,-1,-1,-1,1,-1,1,1,-1,-1,-1,1,-1,-1,1,-1,-1,-1,-1,0,-1,1,-1,-1,-1,-1,-1,1,-1,-1,-1,-1,-1,-1,1,-1,-1,-1,-1,-1,-1,1,0,-1,1,0,-1,-1,1,0,0,0,-1,-1,-1,-1,0,-1,-1,-1,-1,0,1,-1,-1,1,0,-1,-1,0,-1,0,-1,-1,-1,-1,-1,-1,0,-1,-1,-1,-1,1,-1,-1,-1,-1,-1,-1,-1,-1,-1,-1,-1,-1,-1,-1,-1,-1,-1,-1,1,-1,-1,-1,-1,-1,-1,1,1,-1,1,-1,1,-1,-1,-1,-1,-1,-1,-1,1,0,1,-1,-1,-1,0,-1,1,-1,-1,-1,-1,-1,-1,-1,-1,-1,-1,0,-1,1,1,1,-1,-1,-1,-1,-1,-1,-1,1,1,-1,0,0,0,0,0,0,0,1,-1,1,1,-1,-1,-1,-1,-1,-1,-1,-1,0,-1,-1,-1,-1,-1,0,-1,-1,-1,1,-1,-1,1,-1,-1,-1,-1,1,-1,-1,1,-1,-1,-1,1,-1,1,1,-1,-1,-1,0,1,-1
Eberhardt/Mandt Clariden Leu,0,0,0,0,0,0,0,0,0,0,0,0,0,0,0,0,0,0,0,0,0,0,0,0,0,0,0,0,0,0,0,0,0,0,0,0,0,0,0,0,0,0,0,0,0,0,0,0,0,0,0,0,0,0,0,0,0,0,0,0,0,0,0,0,0,0,0,0,0,0,0,0,0,0,0,0,0,0,0,0,0,0,0,0,0,0,0,0,0,0,0,0,0,0,0,0,0,0,0,0,0,0,0,0,0,0,0,0,0,0,0,0,0,0,0,0,0,0,0,0,0,0,0,0,0,0,0,0,0,0,0,0,0,0,0,0,0,0,0,0,0,0,0,0,0,0,0,0,0,0,0,0,0,0,0,0,0,0,0,0,0,0,0,0,0,0,0,1,0,0,0,0,0,0,0,0,0,0,0,0,0,0,0,0,0,0,0,0,0,0,0,0,0,0,0,0,0,0,0,0,0,0,0,0,0,0,0,0,0,0,0,0,0,0,0,0,0,0,0,0,0,0,0,0,0,0,0,0,0,0,0,0,0,0,0,0,0,0,0,0,0,0,0,0,0,0,0,0,0,0,0,0,0,0,0,0,0,0,0,0,0,0,0,0
Ellen Zentner Nomura Securities Intl.,1,-1,-1,-1,0,-1,-1,0,1,1,-1,0,0,1,-1,-1,-1,1,-1,1,-1,0,-1,-1,1,-1,0,-1,1,-1,-1,-1,1,1,0,-1,1,-1,1,1,-1,0,-1,-1,-1,1,1,-1,1,-1,-1,1,-1,-1,-1,0,-1,-1,1,-1,1,1,0,0,-1,1,-1,-1,1,1,-1,-1,-1,0,-1,1,-1,-1,-1,0,1,1,1,-1,-1,1,-1,-1,1,1,-1,-1,1,1,1,1,1,1,1,1,-1,1,0,-1,1,-1,0,1,-1,1,1,-1,-1,-1,0,-1,1,-1,-1,1,-1,-1,-1,0,-1,0,-1,-1,-1,1,-1,-1,1,-1,1,-1,-1,1,-1,-1,1,-1,-1,1,0,1,1,0,-1,0,0,0,0,0,0,0,0,0,0,0,0,0,0,0,0,0,0,0,0,0,0,0,0,0,0,0,0,0,0,0,0,0,0,0,0,0,0,0,0,0,0,0,0,0,0,0,0,0,0,0,0,0,0,0,0,0,0,0,0,0,0,0,0,0,0,0,0,0,0,0,0,0,0,0,0,0,0,0,0,0,0,0,0,0,0,0,0,0,0,0,0,0,0,0,0,0,0,0,0,0,0,0,0,0,0,0,0,0,0,0,0,0,0,0
Ethan Harris BofA Merrill Lynch Research,1,-1,-1,-1,1,1,1,-1,-1,-1,-1,1,1,0,0,0,0,0,0,0,0,0,0,0,0,0,0,0,0,0,0,0,0,0,0,0,0,0,0,0,0,0,0,0,0,0,0,0,0,0,0,0,0,0,0,0,0,0,0,0,0,0,0,0,-1,-1,-1,0,1,-1,0,-1,-1,0,0,1,1,-1,-1,-1,-1,1,1,-1,-1,-1,0,-1,1,1,-1,-1,0,-1,1,1,1,-1,-1,1,-1,-1,1,-1,1,0,-1,-1,-1,-1,1,1,-1,-1,0,-1,1,-1,-1,-1,-1,-1,-1,0,-1,0,1,-1,-1,1,-1,-1,-1,-1,1,-1,-1,-1,-1,-1,-1,-1,-1,1,-1,-1,1,-1,1,1,-1,1,1,1,-1,1,1,-1,-1,1,-1,-1,-1,1,1,-1,1,1,1,-1,-1,-1,1,-1,-1,-1,1,0,1,-1,-1,-1,-1,-1,1,-1,1,-1,-1,-1,-1,-1,1,-1,-1,1,1,1,1,1,-1,-1,1,1,1,-1,1,1,1,-1,0,0,0,0,0,0,0,1,-1,1,0,-1,-1,-1,1,0,-1,-1,-1,0,0,-1,-1,-1,-1,0,1,-1,0,1,1,-1,-1,-1,-1,-1,-1,1,1,-1,1,-1,-1,-1,1,-1,1,1,-1,1,-1,0,-1,-1
Flavio Combat Concordia Corretora,0,0,0,0,0,0,0,0,0,0,0,0,0,0,0,0,0,0,0,0,0,0,0,0,0,0,0,0,0,0,0,0,0,0,0,0,0,0,0,0,0,0,0,0,0,0,0,0,0,0,0,0,0,0,0,0,0,0,0,0,0,0,0,0,0,0,0,0,0,0,0,0,0,0,0,0,0,0,0,0,0,0,0,0,0,0,0,0,0,0,0,0,0,0,0,0,0,0,0,0,0,0,0,0,0,0,0,0,0,0,0,0,0,0,0,0,0,0,0,0,0,0,0,0,0,0,0,0,0,0,0,0,0,0,0,0,0,0,0,0,0,0,0,0,0,0,0,0,0,0,0,0,0,0,0,0,0,0,0,0,0,0,0,0,0,0,0,0,0,0,0,0,0,0,0,0,0,0,0,0,0,0,0,0,0,0,0,0,0,0,0,0,0,0,0,0,0,0,0,0,0,0,0,0,0,0,0,0,0,0,0,0,0,0,0,0,0,0,0,0,0,0,0,0,0,0,0,0,0,0,0,0,0,0,-1,0,0,0,0,0,0,0,0,0,0,0,0,0,0,0,0,0,0,0,0,0,0,0,0,0,0,0,0,0
Francesca Panelli Banca Aletti & C spa,1,-1,-1,-1,0,0,0,-1,1,1,1,0,-1,0,0,-1,1,-1,1,1,-1,0,-1,-1,1,0,0,-1,1,0,1,1,1,-1,0,-1,1,-1,0,-1,-1,-1,1,0,-1,1,0,-1,1,-1,1,0,-1,-1,-1,-1,1,0,0,0,-1,1,-1,-1,-1,1,0,0,1,1,-1,-1,-1,0,-1,1,1,-1,0,-1,1,0,-1,-1,-1,1,1,-1,1,-1,0,-1,1,0,-1,-1,1,1,0,-1,-1,0,1,-1,1,-1,-1,-1,-1,0,0,0,-1,-1,-1,-1,1,-1,0,0,-1,-1,-1,0,-1,0,0,-1,-1,1,0,1,1,-1,1,-1,-1,0,-1,-1,1,-1,-1,1,-1,1,-1,1,-1,0,-1,1,1,1,-1,1,1,0,-1,-1,-1,0,0,0,1,-1,0,0,1,-1,-1,-1,1,0,-1,-1,-1,0,0,-1,-1,-1,0,-1,1,-1,1,-1,-1,-1,-1,-1,1,-1,-1,0,1,1,1,1,0,-1,1,-1,-1,-1,1,1,0,-1,0,0,0,0,0,0,0,0,-1,1,-1,0,-1,-1,0,-1,-1,-1,1,0,1,-1,-1,-1,0,0,1,-1,0,-1,1,-1,-1,-1,0,0,-1,1,1,0,0,-1,-1,0,1,-1,1,0,0,-1,-1,0,0,0
Girard/Sharif/Berger RBS Securities Inc.,0,0,0,0,0,0,0,0,0,0,0,0,0,0,0,0,0,0,0,0,0,0,0,0,0,0,0,0,0,0,0,0,0,0,0,0,0,0,0,0,0,0,0,0,0,0,0,0,0,0,0,0,0,0,0,0,0,0,0,0,0,0,0,0,0,0,0,0,0,0,0,0,0,0,0,0,0,0,0,0,0,0,0,0,0,0,0,0,0,1,-1,-1,1,1,0,-1,1,1,1,1,0,1,0,-1,1,-1,-1,1,0,1,-1,0,-1,-1,0,-1,0,-1,-1,1,-1,-1,-1,0,-1,0,1,-1,0,0,0,1,-1,0,-1,-1,-1,1,-1,-1,1,-1,-1,1,-1,1,1,1,1,1,-1,-1,1,1,-1,-1,-1,-1,-1,-1,-1,-1,-1,1,1,-1,1,-1,0,-1,-1,-1,-1,1,-1,-1,1,0,0,-1,-1,-1,1,0,1,-1,0,-1,-1,-1,-1,0,-1,-1,-1,1,1,1,1,1,-1,-1,1,1,1,-1,1,1,-1,-1,0,0,0,0,0,0,0,1,-1,1,1,0,-1,-1,-1,-1,-1,-1,-1,0,1,-1,-1,1,-1,1,-1,-1,-1,1,1,-1,0,0,-1,-1,-1,1,1,-1,-1,-1,-1,-1,1,-1,1,1,-1,-1,-1,0,0,-1
Guy Verberne ABN Amro Bank,0,0,0,0,0,0,0,0,0,0,0,0,0,0,0,0,0,0,0,0,0,0,0,0,0,0,0,0,0,0,0,0,0,0,0,0,0,0,0,0,0,0,0,0,0,0,0,0,0,0,0,0,0,0,0,0,0,0,0,0,0,0,0,0,0,0,0,0,0,0,0,0,0,0,0,0,0,0,0,0,0,0,0,0,0,0,0,0,0,0,0,0,0,0,0,0,0,0,0,0,0,0,0,0,0,-1,0,0,-1,0,-1,-1,-1,0,-1,0,0,0,0,0,0,0,0,0,0,0,0,0,0,0,0,0,0,0,0,0,0,0,0,0,0,0,0,0,0,0,0,0,0,0,0,0,0,0,0,0,0,0,0,0,0,0,0,0,0,0,0,0,0,0,0,0,0,0,0,0,0,0,0,0,0,0,0,0,0,0,0,0,0,0,0,0,0,0,0,0,0,0,0,0,0,0,0,0,0,0,0,0,0,0,0,0,0,0,0,0,0,0,0,0,0,0,0,0,0,0,0,0,0,0,0,0,0,0,0,0,0,0,0,0,0,0,0,0,0,0,0,0,0,0,0,0,0,0,0,0,0,0,0,0,0,0,0,0
Harm Bandholz UniCredit Research,0,0,0,0,0,0,0,0,0,0,0,0,0,0,0,0,0,0,0,0,0,0,0,0,0,0,0,0,0,0,0,0,0,0,0,0,0,0,0,0,0,0,0,0,0,0,0,0,0,0,0,0,0,0,-1,-1,-1,-1,1,0,-1,0,0,0,-1,0,-1,0,-1,-1,-1,-1,-1,0,-1,1,1,0,0,0,0,1,1,-1,-1,0,-1,-1,-1,1,-1,-1,0,1,-1,1,1,0,-1,1,-1,0,-1,-1,-1,-1,-1,-1,0,0,0,0,-1,0,0,0,0,0,0,0,0,0,0,0,0,0,0,0,0,0,0,0,0,0,0,0,0,0,0,0,0,0,0,0,0,0,0,0,0,0,0,0,0,0,0,0,0,0,0,0,0,0,0,0,0,0,0,0,0,0,0,0,0,0,0,0,0,0,0,0,0,0,0,0,0,0,0,0,0,0,0,0,0,0,0,0,0,0,0,0,0,0,0,0,0,0,0,0,0,0,0,0,0,0,0,0,0,0,0,0,0,0,0,0,0,0,0,0,0,0,0,0,0,0,0,0,0,0,0,0,0,0,0,0,0,0,0,0,0,0,0,0,0,0,0,0,0,0,0,0,0,0,0,0
Harris/Coffin/Cummins UBS,0,0,0,0,0,0,0,0,0,0,0,0,0,0,0,0,0,0,0,0,0,0,0,0,0,0,0,0,0,0,0,0,0,0,0,0,0,0,0,0,0,0,0,0,0,0,0,0,0,0,0,0,0,0,0,0,0,0,0,0,0,-1,-1,0,-1,-1,-1,-1,-1,-1,-1,-1,-1,0,0,1,1,-1,0,0,-1,1,-1,1,-1,-1,-1,-1,-1,-1,-1,-1,-1,-1,0,-1,1,1,1,-1,-1,-1,1,-1,-1,0,-1,1,-1,-1,0,1,-1,-1,-1,-1,1,-1,-1,1,-1,-1,-1,0,-1,0,0,-1,-1,1,-1,0,-1,-1,1,-1,-1,1,-1,-1,-1,-1,-1,1,-1,1,1,1,-1,-1,-1,1,-1,-1,-1,1,1,-1,-1,-1,-1,-1,-1,-1,1,-1,1,1,1,-1,-1,-1,1,-1,-1,-1,1,0,1,-1,-1,-1,1,0,1,-1,1,-1,-1,-1,-1,-1,-1,-1,-1,1,1,1,1,1,-1,-1,1,-1,1,-1,1,-1,1,-1,0,0,0,0,0,0,0,1,-1,1,1,-1,-1,-1,1,-1,-1,-1,1,0,-1,-1,-1,-1,-1,0,-1,-1,-1,1,-1,-1,-1,-1,-1,-1,-1,-1,-1,-1,-1,-1,-1,-1,1,-1,-1,-1,-1,-1,-1,0,-1,-1
Heinrich Engelke Landesbank Berlin,-1,-1,-1,1,-1,-1,-1,-1,1,1,-1,-1,1,1,1,-1,1,-1,0,1,-1,0,-1,1,-1,0,0,0,0,0,0,0,0,0,0,0,0,0,0,0,0,0,0,0,0,0,0,0,0,0,0,0,0,0,0,0,0,0,0,0,0,0,0,0,0,0,0,0,0,0,0,0,0,0,0,0,0,0,0,0,0,0,0,0,0,0,0,0,0,0,0,0,0,0,0,0,0,0,0,0,0,0,0,0,0,0,0,0,0,0,0,0,0,0,0,0,0,0,0,0,0,0,0,0,0,0,0,0,0,0,0,0,0,0,0,0,0,0,0,0,0,0,0,0,0,0,0,0,0,0,0,0,0,0,0,0,0,0,0,0,0,0,0,0,0,0,0,0,0,0,0,0,0,0,0,0,0,0,0,0,0,0,0,0,0,0,0,0,0,0,0,0,0,0,0,0,0,0,0,0,0,0,0,0,0,0,0,0,0,0,0,0,0,0,0,0,0,0,0,0,0,0,0,0,0,0,0,0,0,0,0,0,0,0,0,0,0,0,0,0,0,0,0,0,0,0,0,0,0,0,0,0,0,0,0,0,0,0,0,0,0,0,0,0
Hiroki Shimazu Mizuho Securities,0,0,0,0,0,0,0,0,0,0,0,0,0,0,0,0,0,0,0,0,0,0,0,0,0,0,0,0,0,0,0,0,0,0,0,0,0,0,0,0,0,0,0,0,0,0,0,0,0,-1,0,0,0,0,0,0,0,0,0,0,0,0,0,0,0,0,0,0,0,0,0,0,0,0,0,0,0,0,0,0,0,0,0,0,0,0,0,0,0,0,0,0,0,0,0,0,0,0,0,0,0,0,0,0,0,0,0,0,0,0,0,0,0,0,0,0,0,0,0,0,0,0,0,0,0,0,0,0,0,0,0,0,0,0,0,0,0,0,0,0,0,0,0,0,0,0,0,0,0,0,0,0,0,0,0,0,0,0,0,0,0,0,0,0,0,0,0,0,0,0,0,0,0,0,0,0,0,0,0,0,0,0,0,0,0,0,0,0,0,0,0,0,0,0,0,0,0,0,0,0,0,0,0,0,0,0,0,0,0,0,0,0,0,0,0,0,0,0,0,0,0,0,0,0,0,0,0,0,0,0,0,0,0,0,0,0,0,0,0,0,0,0,0,0,0,0,0,0,0,0,0,0,0,0,0,0,0,0,0,0,0,0,0,0
Hu/Garatti C I T I C Securities,0,0,0,0,0,0,0,0,0,0,0,0,0,0,0,0,0,0,0,0,0,0,0,0,0,0,0,0,0,0,0,0,0,0,0,0,0,0,0,0,0,0,0,0,0,0,0,0,0,0,0,0,0,0,0,0,-1,-1,0,0,0,0,0,0,0,0,0,0,0,0,0,0,0,0,-1,0,0,0,0,0,0,0,0,0,0,0,0,0,0,0,0,0,0,0,0,0,0,0,0,0,0,0,0,0,0,0,0,0,0,0,0,0,0,0,0,0,0,0,0,0,0,0,0,0,0,0,0,0,0,0,0,0,0,0,0,0,0,0,0,0,0,0,0,0,0,0,0,0,0,0,0,0,0,0,0,0,0,0,0,0,0,0,0,0,0,0,0,0,0,0,0,0,0,0,0,0,0,0,0,0,0,0,0,0,0,0,0,0,0,0,0,0,0,0,0,0,0,0,0,0,0,0,0,0,0,0,0,0,0,0,0,0,0,0,0,0,0,0,0,0,0,0,0,0,0,0,0,0,0,0,0,0,0,0,0,0,0,0,0,0,0,0,0,0,0,0,0,0,0,0,0,0,0,0,0,0,0,0,0,0,0,0,0,0
Hugh Johnson Hugh Johnson Advisors,0,0,0,0,0,0,0,0,0,0,0,0,0,0,0,0,0,0,0,0,0,0,0,0,0,0,0,0,0,0,0,0,0,0,0,0,0,0,0,0,0,0,0,0,0,0,0,0,0,0,0,0,0,0,0,0,0,0,0,0,0,0,0,0,0,0,0,0,0,0,0,0,0,0,0,0,0,0,0,0,0,0,0,0,0,0,0,0,0,0,0,0,0,0,0,0,0,0,0,0,0,0,0,0,0,0,0,0,0,0,0,0,0,0,0,0,0,0,0,0,0,0,0,0,0,0,0,0,0,0,0,0,0,0,0,0,0,0,0,0,0,0,0,0,0,0,0,0,0,0,0,0,0,0,0,0,0,0,0,0,0,0,0,0,0,0,0,0,0,0,0,0,0,0,0,0,0,0,0,0,0,0,0,0,0,0,0,0,0,0,-1,-1,0,0,-1,0,1,-1,1,0,0,-1,-1,-1,-1,-1,1,-1,0,0,0,0,0,0,0,0,0,1,-1,1,-1,-1,0,-1,1,-1,-1,-1,1,0,-1,-1,-1,1,-1,0,1,-1,-1,1,0,0,-1,0,-1,-1,-1,0,1,-1,0,0,-1,-1,1,-1,0,-1,-1,1,-1,0,1,-1
Hugo Ferraz Penteado Santander Asset Mgmt,0,0,0,0,0,0,0,0,0,0,0,0,0,0,0,0,0,0,0,0,0,0,0,0,0,0,0,0,0,0,0,0,0,0,0,0,0,0,0,0,0,0,0,0,0,0,0,0,0,0,0,0,0,0,0,0,0,0,0,0,0,0,0,0,0,0,0,0,0,0,0,0,0,0,0,0,0,0,0,0,0,0,0,0,0,0,0,0,0,0,0,0,0,0,0,0,0,0,0,0,0,0,0,0,0,0,0,0,0,0,0,0,0,0,0,0,0,0,0,0,0,0,0,0,0,0,0,0,0,0,0,0,0,0,0,0,0,0,0,0,0,0,0,0,0,0,0,0,0,0,0,0,0,0,0,0,0,0,0,0,0,0,0,0,0,0,0,0,0,0,0,0,0,0,0,0,0,0,0,0,0,0,0,0,0,0,0,0,0,0,0,0,0,0,0,0,0,0,0,0,0,0,0,0,0,0,0,0,0,0,0,0,0,0,0,0,0,0,0,0,0,0,0,0,0,0,0,0,0,0,0,0,0,0,0,0,0,0,0,0,0,0,0,0,0,0,0,0,0,0,0,0,0,0,0,0,0,0,0,0,0,0,0,-1
Ian Morris HSBC Markets,0,-1,-1,-1,-1,-1,-1,-1,-1,1,-1,-1,-1,-1,-1,-1,-1,0,-1,1,-1,0,-1,-1,-1,-1,0,-1,-1,-1,-1,-1,-1,0,-1,-1,-1,-1,1,1,-1,-1,-1,-1,-1,-1,-1,-1,1,-1,1,1,-1,-1,-1,-1,-1,-1,1,-1,-1,-1,-1,-1,0,0,-1,-1,1,1,-1,-1,-1,0,0,1,0,0,0,0,0,0,0,0,0,0,0,0,0,0,0,0,0,0,0,0,0,0,0,0,0,0,0,0,0,0,0,0,0,0,0,0,0,0,0,0,0,0,0,0,0,0,0,0,0,0,0,0,0,0,0,0,0,0,0,0,0,0,0,0,0,0,0,0,0,0,0,0,0,0,0,0,0,0,0,0,0,0,0,0,0,0,0,0,0,0,0,0,0,0,0,0,0,0,0,0,0,0,0,0,0,0,0,0,0,0,0,0,0,0,0,0,0,0,0,0,0,0,0,0,0,0,0,0,0,0,0,0,0,0,0,0,0,0,0,0,0,0,0,0,0,0,0,0,0,0,0,0,0,0,0,0,0,0,0,0,0,0,0,0,0,0,0,0,0,0,0,0,0,0,0,0,0,0,0,0,0,0,0,0,0,0,0,0
Ian Shepherdson High Frequency Economics,-1,-1,-1,1,1,-1,0,0,0,1,-1,1,1,1,1,-1,-1,-1,1,1,-1,0,-1,1,-1,0,0,-1,1,1,1,1,1,1,1,0,1,-1,1,1,0,-1,1,-1,-1,-1,-1,-1,-1,-1,-1,1,-1,-1,-1,-1,0,-1,1,0,0,-1,-1,-1,-1,1,-1,0,-1,-1,-1,-1,-1,0,-1,1,-1,-1,0,-1,0,-1,0,-1,-1,-1,1,-1,-1,-1,-1,0,-1,-1,1,-1,1,1,0,-1,-1,1,1,-1,1,0,-1,1,-1,0,-1,0,0,0,-1,-1,1,-1,0,0,-1,0,1,0,0,0,-1,-1,0,-1,0,1,-1,-1,-1,-1,-1,1,-1,0,0,0,-1,0,0,-1,0,0,1,-1,-1,0,1,1,0,0,1,-1,-1,-1,0,-1,-1,0,0,-1,0,1,1,-1,-1,-1,1,1,-1,-1,1,0,1,-1,-1,-1,0,-1,1,-1,1,-1,-1,-1,0,-1,-1,0,0,0,0,1,1,1,-1,-1,1,1,1,-1,1,0,1,-1,0,0,0,0,0,0,0,0,0,0,0,0,0,0,0,0,0,0,0,0,0,0,0,0,0,0,0,0,0,0,0,0,0,0,0,0,0,0,0,0,0,0,0,0,0,0,0,0,0,0,0,0,0,0
Ian Shepherdson Pantheon Macroeconomics,0,0,0,0,0,0,0,0,0,0,0,0,0,0,0,0,0,0,0,0,0,0,0,0,0,0,0,0,0,0,0,0,0,0,0,0,0,0,0,0,0,0,0,0,0,0,0,0,0,0,0,0,0,0,0,0,0,0,0,0,0,0,0,0,0,0,0,0,0,0,0,0,0,0,0,0,0,0,0,0,0,0,0,0,0,0,0,0,0,0,0,0,0,0,0,0,0,0,0,0,0,0,0,0,0,0,0,0,0,0,0,0,0,0,0,0,0,0,0,0,0,0,0,0,0,0,0,0,0,0,0,0,0,0,0,0,0,0,0,0,0,0,0,0,0,0,0,0,0,0,0,0,0,0,0,0,0,0,0,0,0,0,0,0,0,0,0,0,0,0,0,0,0,0,0,0,0,0,0,0,0,0,0,0,0,0,0,0,0,0,0,0,0,0,0,0,0,0,0,0,0,0,0,0,0,0,0,0,0,0,0,0,0,0,0,0,0,0,0,0,0,0,0,0,0,0,0,0,0,0,0,0,0,1,0,1,0,0,-1,1,1,0,-1,-1,-1,-1,-1,1,0,-1,1,-1,-1,-1,1,-1,1,-1,-1,1,-1,0,1,-1
Jacob Oubina GAIN Capital,0,0,0,0,0,0,0,0,0,0,0,0,0,0,0,0,0,0,0,0,0,0,0,0,0,0,0,0,-1,-1,0,0,0,0,0,0,0,0,0,0,0,0,0,0,0,0,0,0,0,0,0,0,0,0,0,0,0,0,0,0,0,0,0,0,0,0,0,0,0,0,0,0,0,0,0,0,0,0,0,0,0,0,0,0,0,0,0,0,0,0,0,0,0,0,0,0,0,0,0,0,0,0,0,0,0,0,0,0,0,0,0,0,0,0,0,0,0,0,0,0,0,0,0,0,0,0,0,0,0,0,0,0,0,0,0,0,0,0,0,0,0,0,0,0,0,0,0,0,0,0,0,0,0,0,0,0,0,0,0,0,0,0,0,0,0,0,0,0,0,0,0,0,0,0,0,0,0,0,0,0,0,0,0,0,0,0,0,0,0,0,0,0,0,0,0,0,0,0,0,0,0,0,0,0,0,0,0,0,0,0,0,0,0,0,0,0,0,0,0,0,0,0,0,0,0,0,0,0,0,0,0,0,0,0,0,0,0,0,0,0,0,0,0,0,0,0,0,0,0,0,0,0,0,0,0,0,0,0,0,0,0,0,0,0
James Shugg Westpac Banking Co.,1,-1,-1,1,-1,1,1,-1,1,1,1,1,1,-1,1,-1,-1,1,1,1,-1,0,-1,-1,1,0,0,0,-1,1,1,1,1,0,0,-1,1,-1,1,0,-1,-1,-1,-1,-1,1,-1,-1,-1,-1,-1,1,-1,-1,-1,-1,1,-1,0,0,1,-1,-1,-1,-1,1,-1,-1,1,-1,0,-1,-1,0,-1,1,1,-1,0,0,1,1,1,-1,0,1,-1,-1,-1,-1,0,-1,0,1,-1,0,0,-1,1,1,-1,1,1,0,1,0,-1,0,0,-1,1,-1,-1,-1,-1,-1,1,-1,-1,1,-1,-1,-1,0,-1,0,1,-1,-1,1,0,0,1,-1,1,-1,-1,0,-1,-1,1,-1,0,0,0,1,0,0,1,1,-1,0,-1,0,0,1,1,-1,-1,1,0,0,-1,1,1,-1,0,1,1,-1,0,-1,1,1,-1,-1,1,0,-1,-1,0,-1,0,0,1,-1,1,0,-1,-1,-1,-1,-1,-1,-1,1,0,0,1,1,-1,-1,1,1,0,-1,-1,1,1,-1,0,0,0,0,0,0,0,0,-1,1,1,-1,-1,-1,1,-1,-1,-1,1,0,1,-1,-1,-1,0,0,0,-1,-1,-1,1,-1,1,-1,-1,-1,-1,1,0,-1,1,-1,0,-1,1,-1,1,1,-1,1,-1,0,1,-1
Jeavon Lolay Lloyds Bank Wbm,0,0,0,0,0,0,0,0,0,0,0,0,0,0,0,0,0,0,0,0,0,0,0,0,0,0,0,0,0,0,0,0,0,0,0,0,0,0,0,0,0,0,0,0,0,0,0,0,0,0,0,0,0,0,0,0,0,0,0,0,0,0,0,0,0,0,0,0,0,0,0,0,0,0,0,0,0,0,0,0,0,0,0,0,0,0,0,0,0,0,0,0,0,0,0,0,0,0,0,0,0,0,0,0,0,0,0,0,0,0,0,0,0,0,0,0,0,0,0,0,0,0,0,0,0,0,0,0,0,0,0,0,0,0,0,0,0,0,0,0,0,0,0,0,0,0,0,0,0,0,0,0,0,0,0,0,0,0,0,0,0,0,0,0,0,0,0,0,0,0,0,0,0,0,0,0,0,0,0,0,0,0,0,0,0,0,0,0,0,0,0,0,0,0,0,0,0,0,0,0,0,0,0,0,0,0,0,0,0,0,0,0,0,0,0,0,0,1,-1,1,1,-1,-1,-1,-1,-1,-1,-1,1,0,1,-1,-1,1,0,0,1,-1,-1,1,-1,-1,1,-1,-1,0,0,0,0,0,0,0,0,0,0,0,0,0,0,0,0,0,0,0
Jeffrey Herzog Oxford Economics Ltd,0,0,0,0,0,0,0,0,0,0,0,0,0,0,0,0,0,0,0,0,0,0,0,0,0,0,0,0,0,0,0,0,0,0,0,0,0,0,0,0,0,0,0,0,0,0,0,0,0,0,0,0,0,0,0,0,0,0,0,0,0,0,0,0,0,0,0,0,0,0,0,0,0,0,0,0,0,0,0,0,0,0,0,0,0,0,0,0,0,0,0,0,0,0,0,0,0,0,0,0,0,0,0,0,0,0,0,0,0,0,0,0,0,0,0,0,0,0,0,0,0,0,0,0,0,0,0,0,0,0,0,0,0,0,0,0,0,0,0,0,0,0,0,0,0,0,0,0,0,0,0,0,0,0,0,0,0,0,0,0,0,0,0,0,0,0,0,0,0,0,0,0,0,0,0,0,0,0,0,0,0,0,0,0,0,0,0,0,0,0,0,0,0,0,0,0,0,0,0,0,0,0,0,0,0,0,0,0,0,0,0,0,0,0,0,0,0,0,0,0,1,-1,-1,-1,1,-1,-1,-1,1,0,1,-1,-1,1,-1,0,1,-1,-1,1,1,-1,1,0,0,-1,-1,1,-1,-1,1,0,-1,-1,1,-1,-1,1,0,0,0,0,0,0
Jim O'Sullivan High Frequency Economics,1,-1,-1,1,-1,1,1,-1,1,0,0,1,0,-1,-1,-1,1,1,1,1,-1,0,0,1,1,0,0,-1,1,0,0,1,-1,1,0,-1,0,0,1,1,-1,-1,-1,-1,-1,0,0,-1,-1,-1,1,1,-1,-1,0,-1,0,-1,1,-1,-1,0,0,0,0,0,0,0,0,0,0,0,-1,0,0,-1,1,-1,0,-1,-1,1,1,-1,-1,1,1,-1,1,-1,-1,-1,1,1,1,-1,1,-1,1,-1,-1,1,1,-1,1,-1,0,1,-1,1,1,1,-1,0,-1,-1,1,-1,-1,1,-1,-1,-1,0,-1,0,1,-1,-1,1,0,1,1,-1,1,-1,-1,1,-1,-1,1,-1,-1,1,-1,1,1,1,-1,-1,-1,1,-1,-1,-1,1,1,-1,-1,-1,-1,-1,-1,1,1,-1,1,1,1,-1,-1,-1,1,1,-1,-1,0,0,0,0,-1,-1,1,-1,1,0,-1,-1,-1,-1,-1,-1,1,-1,-1,-1,1,1,1,1,-1,-1,1,1,1,-1,1,0,0,0,0,0,0,0,0,0,0,1,-1,1,-1,-1,-1,-1,1,-1,-1,-1,1,0,1,-1,-1,1,-1,1,-1,-1,-1,1,1,-1,-1,-1,-1,-1,-1,-1,1,-1,1,-1,-1,-1,1,-1,1,1,-1,1,-1,0,1,-1
Joe Brusuelas Merk Investments,0,0,-1,1,1,-1,-1,-1,0,1,1,1,0,0,1,-1,1,0,1,1,0,0,0,0,0,0,0,0,0,0,0,0,0,0,0,0,0,0,0,0,0,0,0,0,0,0,0,0,0,0,0,0,0,0,0,0,0,0,0,0,0,0,0,0,0,0,0,0,0,0,0,0,0,0,0,0,0,0,0,0,0,0,0,0,0,0,0,0,0,0,0,0,0,0,0,0,0,0,0,0,0,0,0,0,0,0,0,0,0,0,0,0,0,0,0,0,0,0,0,0,0,0,0,0,0,0,0,0,0,0,0,0,0,0,0,0,0,0,0,0,0,0,0,0,0,0,0,0,0,0,0,0,0,0,0,0,0,0,0,0,0,0,0,0,0,0,0,0,0,0,0,0,0,0,0,0,0,0,0,0,0,0,0,0,0,0,0,0,0,0,0,0,0,0,0,0,0,0,0,0,0,0,0,0,0,0,0,0,0,0,0,0,0,0,0,0,0,0,0,0,0,0,0,0,0,0,0,0,0,0,0,0,0,0,0,0,0,0,0,0,0,0,0,0,0,0,0,0,0,0,0,0,0,0,0,0,0,0,0,0,0,0,0,0
Joe LaVorgna Deutsche Bank Securities,1,0,-1,1,-1,0,1,-1,0,0,1,1,-1,1,1,-1,0,1,1,1,-1,0,-1,1,0,0,0,0,1,-1,0,1,1,1,1,-1,1,0,0,0,0,0,0,0,0,0,0,0,0,0,0,0,0,0,0,0,0,0,0,0,0,0,0,0,0,0,0,0,0,0,0,0,0,0,0,0,0,-1,-1,0,0,0,-1,-1,0,0,-1,0,0,0,0,0,0,0,1,0,1,0,0,0,0,0,0,0,0,0,0,0,0,0,0,0,-1,0,-1,0,0,0,0,1,0,0,0,0,-1,0,1,0,0,-1,-1,0,0,-1,0,-1,-1,-1,-1,-1,0,0,0,0,0,0,1,0,0,0,0,0,0,0,0,0,0,-1,-1,1,0,-1,-1,-1,1,-1,1,-1,1,0,-1,-1,1,-1,-1,-1,1,0,1,-1,-1,-1,0,-1,0,-1,1,-1,-1,0,-1,-1,-1,-1,-1,1,0,0,1,1,0,-1,1,0,1,-1,1,1,1,-1,0,0,0,0,0,0,0,1,-1,1,1,-1,-1,-1,1,0,-1,-1,1,0,1,-1,-1,-1,-1,1,1,-1,-1,-1,1,-1,-1,-1,-1,-1,-1,1,1,0,1,-1,-1,-1,-1,-1,1,1,-1,-1,-1,0,1,-1
John Herrmann Herrmann Forecasting LLC,0,0,0,0,0,0,0,0,0,0,0,0,0,0,0,0,0,-1,0,1,-1,0,-1,1,1,-1,0,-1,1,-1,-1,-1,-1,-1,1,-1,-1,-1,-1,-1,-1,-1,-1,-1,-1,-1,-1,-1,-1,-1,-1,-1,-1,-1,-1,-1,-1,-1,-1,-1,-1,-1,-1,-1,-1,1,-1,-1,0,1,-1,-1,-1,0,-1,-1,-1,-1,-1,-1,-1,1,1,1,-1,0,1,-1,1,1,-1,-1,-1,1,1,1,1,1,1,1,-1,1,1,-1,1,-1,-1,-1,-1,1,-1,1,-1,-1,-1,-1,-1,-1,-1,1,-1,-1,-1,0,-1,0,1,-1,-1,-1,-1,-1,1,-1,1,-1,-1,1,-1,-1,1,-1,-1,-1,-1,1,1,1,1,1,-1,1,1,1,-1,1,1,-1,-1,1,-1,-1,-1,1,1,-1,1,1,1,-1,-1,-1,1,1,-1,-1,1,0,-1,-1,-1,-1,-1,-1,1,-1,1,-1,-1,-1,-1,-1,1,-1,0,0,0,0,0,0,0,0,0,0,0,0,0,0,0,0,0,0,0,0,0,0,0,0,0,0,0,0,0,0,0,0,0,0,0,0,0,0,0,0,0,0,0,0,0,0,0,0,0,0,0,0,0,0,0,0,0,0,0,0,0,0,0,0,0,0,0,0,0,0
John Silvia Wells Fargo & Co.,0,0,0,0,0,0,0,0,0,0,0,0,0,0,0,0,0,-1,0,0,0,0,0,0,0,0,0,0,0,0,0,0,0,0,0,0,0,0,0,0,0,0,0,0,0,0,0,0,0,0,0,0,0,0,0,0,0,0,0,0,0,0,0,0,0,0,0,0,0,0,0,0,0,0,0,0,0,0,0,0,0,0,0,0,0,0,0,0,0,0,0,0,0,0,0,0,0,0,0,0,0,0,0,0,0,0,0,0,0,0,0,0,0,0,0,0,0,0,0,0,0,0,0,0,0,0,0,0,0,0,0,0,0,0,0,0,0,0,0,0,0,0,0,0,0,0,0,0,0,0,0,0,0,0,0,0,0,0,0,0,0,0,0,0,0,0,0,0,0,0,0,0,0,0,0,0,0,0,0,0,0,0,0,0,0,0,0,0,0,0,0,0,0,0,0,0,0,0,0,0,0,0,0,0,0,0,0,0,0,0,0,0,0,0,0,0,0,0,0,0,0,0,0,0,0,0,0,0,0,0,0,0,0,0,0,0,0,0,0,0,0,0,0,0,0,0,0,0,0,0,0,0,0,0,0,0,0,0,0,0,0,0,0,0
Joseph Brusuelas Brusuelas Analytics,0,0,0,0,0,0,0,0,0,0,0,0,0,0,0,0,0,0,0,0,0,0,0,0,0,0,0,0,0,0,0,0,0,0,0,0,0,0,0,0,0,0,0,0,0,0,0,0,0,0,0,0,0,0,0,0,0,0,0,0,0,0,0,0,0,0,0,0,0,0,0,0,0,0,0,0,0,0,0,0,0,0,0,0,0,0,0,0,0,0,0,-1,-1,1,-1,-1,1,1,1,0,0,0,0,0,0,0,0,0,0,0,0,0,0,0,0,0,0,0,0,0,0,0,0,0,0,0,0,0,0,0,0,0,0,0,0,0,0,0,0,0,0,0,0,0,0,0,0,0,0,0,0,0,0,0,0,0,0,0,0,0,0,0,0,0,0,0,0,0,0,0,0,0,0,0,0,0,0,0,0,0,0,0,0,0,0,0,0,0,0,0,0,0,0,0,0,0,0,0,0,0,0,0,0,0,0,0,0,0,0,0,0,0,0,0,0,0,0,0,0,0,0,0,0,0,0,0,0,0,0,0,0,0,0,0,0,0,0,0,0,0,0,0,0,0,0,0,0,0,0,0,0,0,0,0,0,0,0,0,0,0,0,0,0,0
Joseph Brusuelas Moody's Economy.com,1,-1,-1,-1,1,1,1,-1,-1,1,1,1,1,1,1,-1,-1,1,-1,1,-1,0,-1,0,1,-1,0,-1,-1,-1,1,1,-1,-1,-1,-1,1,-1,1,1,-1,-1,-1,0,-1,1,1,-1,1,-1,1,1,-1,-1,-1,-1,1,-1,1,1,1,1,-1,0,-1,1,-1,-1,0,-1,-1,-1,1,0,-1,1,1,0,0,0,0,0,0,0,0,0,0,0,0,0,0,0,0,0,0,0,0,0,0,0,0,0,0,0,0,0,0,0,0,0,0,0,0,0,0,0,0,0,0,0,0,0,0,0,0,0,0,0,0,0,0,0,0,0,0,0,0,0,0,0,0,0,0,0,0,0,0,0,0,0,0,0,0,0,0,0,0,0,0,0,0,0,0,0,0,0,0,0,0,0,0,0,0,0,0,0,0,0,0,0,0,0,0,0,0,0,0,0,0,0,0,0,0,0,0,0,0,0,0,0,0,0,0,0,0,0,0,0,0,0,0,0,0,0,0,0,0,0,0,0,0,0,0,0,0,0,0,0,0,0,0,0,0,0,0,0,0,0,0,0,0,0,0,0,0,0,0,0,0,0,0,0,0,0,0,0,0,0,0,0,0,0,0,0
Joshua Shapiro Maria Fiorini Ramirez Inc.,-1,-1,-1,1,0,-1,0,-1,1,1,1,1,-1,1,1,-1,1,-1,1,-1,-1,0,-1,-1,1,-1,0,-1,-1,1,1,1,1,1,1,-1,1,-1,1,0,0,0,1,-1,-1,1,1,-1,0,-1,1,1,-1,0,-1,-1,1,-1,-1,0,1,1,-1,-1,-1,1,-1,-1,1,1,-1,-1,-1,0,-1,1,1,-1,-1,-1,-1,1,1,1,-1,1,1,-1,1,1,-1,-1,1,1,1,1,1,1,1,1,-1,1,1,-1,1,0,-1,-1,-1,1,1,1,0,-1,-1,-1,1,-1,-1,1,-1,-1,-1,0,-1,0,1,-1,-1,-1,-1,-1,1,-1,-1,-1,-1,-1,-1,-1,-1,-1,-1,1,-1,-1,1,1,1,1,-1,-1,-1,-1,-1,-1,1,-1,-1,1,-1,-1,-1,0,1,-1,0,-1,-1,-1,-1,-1,1,-1,-1,-1,-1,0,1,-1,-1,-1,-1,-1,1,0,1,-1,-1,-1,-1,-1,1,-1,-1,-1,1,1,0,1,-1,-1,1,1,1,-1,1,1,1,-1,0,0,0,0,0,0,0,1,0,1,-1,-1,-1,-1,-1,-1,-1,0,1,0,1,-1,-1,-1,-1,1,1,-1,-1,1,1,-1,-1,-1,-1,-1,-1,1,1,-1,-1,-1,-1,-1,1,-1,0,1,-1,1,-1,0,1,-1
Julia Coronado BNP Paribas,0,0,0,0,0,0,0,0,0,0,0,0,0,0,0,0,0,0,0,0,0,0,0,0,0,0,0,0,0,0,0,0,0,0,0,0,0,0,0,0,0,0,0,0,0,0,0,0,0,0,0,0,0,0,0,0,0,0,0,0,0,0,0,0,0,0,0,0,0,0,0,0,0,0,0,0,0,0,0,0,0,0,0,0,0,0,0,0,0,0,0,0,0,0,0,0,0,0,0,0,0,0,0,0,0,0,0,0,0,0,0,0,0,0,0,0,0,0,0,0,0,0,0,0,0,0,0,0,-1,1,0,0,-1,-1,1,-1,-1,1,-1,-1,1,-1,-1,1,0,1,1,0,1,1,-1,1,1,1,-1,1,1,-1,-1,1,-1,-1,-1,1,-1,-1,1,1,1,-1,-1,-1,1,1,-1,-1,1,0,1,-1,-1,0,0,0,1,-1,1,-1,-1,-1,-1,-1,-1,-1,-1,1,1,1,-1,1,-1,-1,1,-1,1,-1,1,1,1,-1,0,0,0,0,0,0,0,-1,-1,1,1,-1,-1,-1,1,-1,-1,-1,1,0,1,-1,-1,1,-1,1,-1,-1,-1,1,1,-1,1,-1,-1,-1,-1,-1,1,-1,-1,-1,-1,-1,1,-1,1,1,-1,1,-1,0,-1,-1
Julie Crawford Bayerische Landesbank,0,0,0,0,0,0,0,0,0,0,0,0,0,0,0,0,0,0,0,0,0,0,0,0,0,0,0,0,0,0,0,0,0,0,0,0,0,0,0,0,0,0,0,0,0,0,0,0,0,0,0,0,0,0,0,0,0,0,0,0,0,0,0,0,-1,0,0,0,0,0,0,0,0,0,0,0,0,0,0,0,0,0,0,0,0,0,0,0,0,0,0,0,0,0,0,0,0,0,0,0,0,0,0,0,0,0,0,0,0,0,0,0,0,0,0,0,0,0,0,0,0,0,0,0,0,0,0,0,0,0,0,0,0,0,0,0,0,0,0,0,0,0,0,0,0,0,0,0,0,0,0,0,0,0,0,0,0,0,0,0,0,0,0,0,0,0,0,0,0,0,0,0,0,0,0,0,0,0,0,0,0,0,0,0,0,0,0,0,0,0,0,0,0,0,0,0,0,0,0,0,0,0,0,0,0,0,0,0,0,0,0,0,0,0,0,0,0,0,0,0,0,0,0,0,0,0,0,0,0,0,0,0,0,0,0,0,0,0,0,0,0,0,0,0,0,0,0,0,0,0,0,0,0,0,0,0,0,0,0,0,0,0,0,0
Kenneth Broux Lloyds TSB,-1,-1,-1,-1,-1,-1,-1,-1,-1,1,1,1,-1,-1,0,-1,-1,0,-1,1,-1,0,-1,-1,0,0,0,0,-1,-1,0,0,-1,-1,-1,-1,-1,-1,0,1,-1,-1,0,-1,-1,-1,1,-1,1,0,0,0,0,0,0,0,0,0,0,0,0,0,0,0,0,0,0,0,0,0,0,0,0,0,0,0,0,0,0,0,0,0,0,0,0,0,0,0,0,0,0,0,0,0,0,0,0,0,0,0,0,0,0,0,0,0,0,0,0,0,0,0,0,0,0,0,0,0,0,0,0,0,0,0,0,0,0,0,0,0,0,0,0,0,0,0,0,0,0,0,0,0,0,0,0,0,0,0,0,0,0,0,0,0,0,0,0,0,0,0,0,0,0,0,0,0,0,0,0,0,0,0,0,0,0,0,0,0,0,0,0,0,0,0,0,0,0,0,0,0,0,0,0,0,0,0,0,0,0,0,0,0,0,0,0,0,0,0,0,0,0,0,0,0,0,0,0,0,0,0,0,0,0,0,0,0,0,0,0,0,0,0,0,0,0,0,0,0,0,0,0,0,0,0,0,0,0,0,0,0,0,0,0,0,0,0,0,0,0,0,0,0,0,0
Kevin Harris Informa Global Markets,1,-1,0,1,1,1,1,-1,1,-1,1,0,1,0,1,0,1,-1,1,1,0,0,-1,1,1,-1,0,-1,1,-1,1,1,-1,0,-1,-1,1,-1,0,1,-1,0,-1,0,-1,-1,1,0,1,-1,1,0,-1,-1,-1,-1,-1,0,1,1,1,1,-1,-1,-1,-1,-1,-1,1,1,-1,-1,1,0,-1,1,1,-1,0,-1,-1,1,1,1,-1,1,1,-1,1,1,0,-1,0,1,0,1,1,1,1,1,-1,1,1,-1,-1,-1,-1,0,-1,-1,1,-1,-1,0,-1,-1,1,-1,-1,1,-1,-1,-1,0,-1,0,1,0,-1,0,-1,1,1,0,1,-1,-1,0,-1,-1,-1,-1,-1,0,-1,1,1,0,1,1,-1,1,1,1,-1,1,0,-1,-1,1,-1,-1,-1,0,1,-1,0,1,1,-1,-1,-1,1,1,-1,-1,-1,0,1,0,-1,-1,1,-1,1,0,1,-1,-1,-1,-1,-1,-1,-1,-1,1,1,0,-1,0,-1,-1,1,1,1,-1,1,-1,1,-1,0,0,0,0,0,0,0,0,-1,1,1,-1,-1,-1,1,-1,-1,-1,-1,0,-1,-1,-1,0,-1,1,-1,-1,-1,-1,-1,-1,1,-1,-1,-1,-1,0,-1,0,1,-1,-1,-1,-1,-1,0,-1,-1,1,-1,0,1,-1
Knightley/Carnell/Brosens ING Financial Markets,0,-1,-1,0,1,-1,-1,-1,1,1,-1,1,1,1,0,0,0,1,0,1,-1,0,-1,-1,-1,0,0,-1,0,0,0,1,-1,0,1,0,0,-1,1,1,-1,0,1,-1,-1,1,1,-1,1,-1,0,1,-1,-1,-1,0,0,-1,-1,0,-1,-1,0,-1,0,0,-1,-1,0,-1,0,-1,-1,0,-1,1,0,-1,0,0,-1,0,-1,1,-1,1,1,0,0,1,-1,-1,1,0,1,-1,1,1,-1,-1,-1,-1,1,-1,-1,-1,0,0,0,-1,-1,1,-1,0,0,0,0,0,0,0,-1,-1,0,0,-1,0,0,-1,-1,0,0,1,0,0,-1,-1,-1,-1,0,0,-1,-1,-1,0,-1,-1,1,0,0,0,-1,-1,1,-1,-1,0,1,-1,-1,0,-1,0,-1,-1,1,-1,1,0,0,-1,-1,0,0,-1,-1,0,1,0,0,-1,-1,0,0,-1,0,-1,-1,-1,-1,-1,-1,-1,0,-1,-1,-1,0,0,-1,-1,0,-1,1,-1,-1,-1,1,-1,1,-1,0,0,0,0,0,0,0,-1,-1,1,-1,0,0,0,1,-1,-1,-1,0,0,1,-1,0,-1,0,0,-1,-1,-1,0,0,-1,-1,0,0,-1,0,1,-1,-1,0,-1,0,-1,-1,0,-1,-1,-1,0,-1,0,-1,-1
Laura Cavallaro Aletti Gestielle,0,0,0,0,0,0,0,0,0,0,0,0,0,0,0,0,0,0,0,0,0,0,0,0,0,0,0,0,0,0,0,0,0,0,0,0,0,0,0,0,0,0,0,0,0,0,0,0,0,0,0,0,0,0,0,0,0,0,0,0,0,0,0,0,0,0,0,0,0,0,0,0,0,0,0,0,0,0,0,0,0,0,0,0,0,0,0,0,0,0,0,0,0,0,0,0,0,0,0,0,0,0,0,0,0,0,0,0,0,0,0,0,0,0,0,0,0,0,0,0,0,0,0,0,0,0,0,0,0,0,0,0,0,0,0,0,0,0,0,0,0,0,0,0,0,0,0,0,0,0,0,0,0,0,0,0,0,0,0,0,0,0,0,0,0,0,0,0,0,0,0,0,0,0,0,-1,0,0,0,0,0,0,0,0,0,0,0,0,0,0,0,0,0,0,0,0,0,0,0,0,0,0,0,0,0,0,0,0,0,0,0,0,0,0,0,0,0,0,0,0,0,0,0,0,0,0,-1,0,0,0,0,0,0,-1,0,0,0,0,0,0,0,0,0,0,0,0,0,0,0,0,0,0,0,0,0,0,0,0,0,0,0,0,0,0
Lea Tyler Oxford Economics,0,0,0,0,0,0,0,0,0,0,0,0,0,0,0,0,0,0,0,0,0,0,0,0,0,0,0,0,0,0,0,0,0,0,0,0,0,0,0,0,0,0,0,0,0,0,0,0,0,0,0,0,0,0,0,0,0,0,0,0,0,0,0,0,0,0,0,0,0,0,0,0,0,0,0,0,0,0,0,0,0,0,0,0,0,0,0,0,0,0,0,0,0,0,0,0,0,0,0,0,0,0,0,0,0,0,0,0,0,0,0,0,0,0,0,0,0,0,0,0,0,0,0,0,0,0,0,0,0,0,0,0,0,0,0,0,0,0,0,0,0,0,0,0,0,0,0,0,0,0,0,0,0,0,0,0,0,0,0,0,0,0,0,0,0,0,0,0,0,0,0,0,0,0,0,0,0,0,0,0,0,0,0,0,0,0,0,0,0,0,0,0,0,0,0,0,0,0,0,0,0,0,0,0,0,0,0,0,0,0,0,0,0,0,0,0,0,0,0,0,0,0,0,0,0,0,0,0,0,0,0,0,0,0,0,0,0,0,0,0,0,0,0,0,0,0,0,0,0,0,0,0,0,0,0,0,0,0,-1,1,-1,0,1,-1
Lena Komileva Tullett Prebon,1,-1,0,1,0,0,0,-1,1,1,0,0,0,-1,0,-1,-1,-1,0,0,-1,0,-1,1,-1,0,0,0,0,0,0,0,0,0,0,0,1,-1,-1,1,-1,-1,-1,0,0,0,1,-1,1,-1,-1,1,-1,-1,0,-1,0,-1,0,0,1,0,-1,-1,0,1,-1,0,0,0,-1,0,-1,0,-1,-1,1,0,0,-1,-1,0,1,1,-1,1,1,-1,-1,-1,-1,-1,-1,0,0,1,0,1,1,0,0,0,1,0,1,0,0,0,-1,1,0,0,-1,-1,0,0,0,0,0,0,0,-1,-1,0,-1,0,0,-1,-1,0,0,0,0,0,0,0,0,0,0,0,0,0,0,0,0,0,0,0,0,0,0,0,0,0,0,0,0,0,0,0,0,0,0,0,0,0,0,0,0,0,0,0,0,0,0,0,0,0,0,0,0,0,0,0,0,0,0,0,0,0,0,0,0,0,0,0,0,0,0,0,0,0,0,0,0,0,0,0,0,0,0,0,0,0,0,0,0,0,0,0,0,0,0,0,0,0,0,0,0,0,0,0,0,0,0,0,0,0,0,0,-1,0,0,0,0,0,0,0,0,0,0,0,0,0,0,0,0,0,0,0,0,0,0,0
Littleton/Sloan Thomson Reuters/IFR,1,-1,-1,1,1,1,1,-1,1,1,1,1,-1,-1,-1,-1,-1,-1,-1,-1,-1,0,-1,1,1,-1,0,-1,1,1,-1,1,-1,-1,1,-1,1,-1,0,1,-1,-1,0,0,0,-1,-1,-1,-1,-1,-1,0,-1,-1,-1,-1,1,-1,-1,-1,1,1,-1,-1,-1,-1,-1,-1,1,1,-1,-1,-1,0,-1,-1,-1,-1,-1,-1,-1,1,1,-1,-1,-1,-1,-1,-1,1,-1,-1,-1,1,1,-1,1,1,1,1,-1,-1,1,-1,1,-1,-1,1,-1,1,1,-1,-1,-1,-1,-1,1,-1,-1,-1,-1,-1,-1,0,-1,0,1,-1,-1,-1,-1,-1,1,-1,-1,-1,-1,-1,-1,-1,-1,-1,0,0,0,0,0,0,0,0,0,0,0,0,0,0,0,0,0,0,0,0,0,0,0,0,0,0,0,0,0,0,0,0,0,0,0,0,0,0,0,0,0,0,0,0,0,0,0,0,0,0,0,0,0,0,0,0,0,0,0,0,0,0,0,0,0,0,0,0,0,0,0,0,0,0,0,0,0,0,0,0,0,0,0,0,0,0,0,0,0,0,0,0,0,0,0,0,0,0,0,0,0,0,0,0,0,0,0,0,0,0,0,0,0,0,0,0,0,0,0,0,0,0
Markus Schomer PineBridge Investments,0,0,0,0,0,0,0,0,0,0,0,0,0,0,0,0,0,0,0,0,0,0,0,-1,0,0,0,0,0,0,0,0,0,0,0,0,0,0,0,0,0,0,0,0,0,0,0,0,0,0,0,0,0,0,0,0,0,0,0,0,0,0,0,0,0,0,0,0,0,0,0,0,0,0,0,0,0,0,0,0,0,0,0,0,0,0,0,0,0,0,0,0,0,0,0,0,0,0,0,0,0,0,0,0,0,0,0,0,0,0,0,0,0,0,0,0,0,-1,-1,1,-1,-1,-1,0,-1,0,-1,-1,-1,-1,0,0,-1,0,-1,-1,-1,-1,-1,-1,1,-1,-1,-1,-1,-1,-1,-1,-1,0,-1,-1,-1,-1,0,-1,-1,-1,-1,-1,-1,-1,-1,-1,0,0,1,1,-1,-1,-1,-1,0,1,-1,-1,1,0,1,-1,-1,-1,-1,-1,1,-1,0,-1,-1,-1,-1,-1,1,-1,0,1,-1,-1,1,-1,-1,-1,0,0,-1,0,-1,-1,-1,-1,0,0,0,0,0,0,0,-1,-1,-1,-1,-1,-1,0,1,-1,-1,-1,0,0,0,0,-1,1,0,1,1,-1,-1,1,0,-1,1,0,-1,0,0,-1,0,0,0,0,0,0,1,0,1,0,-1,0,-1,0,1,-1
Matthias Huth Landesbank BW,0,0,0,0,0,0,0,0,0,0,0,0,0,0,0,0,0,0,0,0,0,0,0,0,0,0,0,0,0,0,0,0,0,0,0,0,0,0,0,0,0,0,0,0,0,0,0,0,0,0,0,0,0,0,-1,0,0,0,0,0,0,0,0,0,0,0,0,0,0,0,0,0,0,0,0,0,0,0,0,0,0,0,0,0,0,0,0,0,0,0,0,0,0,0,0,0,0,0,0,0,0,0,0,0,0,0,0,0,0,0,0,0,0,0,0,0,0,0,0,0,0,0,0,0,0,0,0,0,0,0,0,0,0,0,0,0,0,0,0,0,0,0,0,0,0,0,0,0,0,0,0,0,0,0,0,0,0,0,0,0,0,0,0,0,0,0,0,0,0,0,0,0,0,0,0,0,0,0,0,0,0,0,0,0,0,0,0,0,0,0,0,0,0,0,0,0,0,0,0,0,0,0,0,0,0,0,0,0,0,0,0,0,0,0,0,0,0,0,0,0,0,0,0,0,0,0,0,0,0,0,0,0,0,0,0,0,0,0,0,0,0,0,0,0,0,0,0,0,0,0,0,0,0,0,0,0,0,0,0,0,0,0,0,0
Max Clarke IDEAglobal,1,-1,-1,1,-1,1,1,-1,1,1,-1,-1,-1,1,1,-1,1,1,-1,-1,-1,0,-1,1,1,-1,0,-1,1,-1,-1,1,-1,-1,-1,-1,1,-1,1,-1,-1,-1,-1,-1,-1,-1,1,-1,1,-1,1,-1,-1,-1,-1,-1,-1,-1,-1,-1,-1,1,-1,-1,-1,0,-1,-1,-1,-1,-1,-1,-1,0,-1,1,1,-1,-1,-1,1,1,1,1,-1,1,-1,-1,1,-1,-1,-1,-1,-1,-1,-1,-1,-1,-1,-1,-1,-1,-1,-1,-1,-1,-1,-1,-1,-1,-1,-1,-1,-1,-1,-1,-1,-1,-1,-1,-1,-1,-1,0,-1,0,1,-1,-1,1,-1,-1,1,-1,1,-1,-1,1,-1,-1,1,-1,-1,1,-1,-1,1,1,1,-1,-1,-1,-1,-1,-1,-1,-1,-1,-1,1,-1,-1,-1,-1,-1,-1,1,-1,-1,-1,-1,-1,1,-1,-1,-1,1,0,-1,-1,-1,-1,0,-1,1,-1,-1,-1,-1,-1,-1,-1,1,-1,-1,1,1,-1,-1,1,-1,-1,1,-1,-1,-1,1,-1,-1,-1,0,0,0,0,0,0,0,-1,-1,1,-1,-1,-1,-1,-1,-1,-1,-1,1,0,1,-1,-1,-1,-1,-1,1,-1,-1,-1,1,-1,-1,-1,-1,-1,-1,-1,-1,-1,-1,-1,-1,-1,1,-1,0,1,-1,1,-1,0,-1,-1
Michael Carey Credit Agricole CIB,0,0,0,0,0,0,0,0,0,0,0,0,0,0,0,0,0,0,0,0,0,0,0,0,0,0,0,0,0,0,0,0,0,0,0,0,0,0,0,0,0,0,0,0,0,0,0,0,0,0,0,0,0,0,0,0,0,0,0,0,0,0,0,0,0,0,0,0,1,0,0,0,0,0,0,0,0,0,0,0,0,0,0,0,0,0,0,0,0,0,0,0,0,0,0,0,0,0,0,0,0,0,0,0,0,0,0,0,0,0,0,0,0,0,0,0,0,0,0,0,0,0,0,0,0,0,0,0,0,0,0,0,0,0,0,0,0,0,0,0,0,0,0,0,0,0,0,0,0,0,0,0,0,0,0,0,0,0,0,0,0,0,0,0,0,0,0,0,0,0,0,0,0,0,0,0,0,0,0,0,0,0,0,0,0,0,0,0,0,0,0,0,0,0,0,0,0,0,0,0,0,0,0,0,0,0,0,0,0,0,0,0,0,0,0,0,0,0,0,0,0,0,0,0,0,0,0,0,0,0,0,0,0,0,0,0,0,0,0,0,0,0,0,0,0,0,0,0,0,0,0,0,0,0,0,0,0,0,0,0,0,0,0,0
Michael Feroli J.P. Morgan Chase,-1,-1,-1,1,1,1,1,-1,-1,-1,1,1,1,1,-1,-1,-1,1,1,1,-1,0,-1,1,1,0,0,-1,-1,1,1,1,1,1,1,-1,1,-1,1,1,-1,-1,1,-1,-1,1,-1,0,1,-1,1,1,-1,-1,-1,-1,1,-1,1,-1,1,-1,-1,-1,-1,-1,-1,-1,1,-1,-1,-1,-1,0,-1,-1,1,-1,0,0,-1,-1,1,1,-1,1,1,-1,1,1,-1,-1,1,1,1,1,1,1,1,1,-1,-1,1,-1,-1,-1,-1,1,-1,1,1,-1,-1,-1,-1,-1,-1,-1,-1,-1,-1,-1,-1,0,-1,0,-1,-1,-1,-1,-1,-1,-1,-1,-1,-1,-1,-1,-1,-1,-1,-1,-1,1,-1,1,1,1,1,1,-1,1,1,1,-1,1,1,-1,-1,1,-1,-1,-1,1,1,-1,1,1,1,-1,-1,-1,1,1,-1,-1,-1,0,1,-1,-1,-1,-1,-1,1,-1,1,-1,-1,-1,-1,-1,-1,-1,-1,1,1,1,1,1,-1,-1,1,1,1,-1,1,1,1,-1,0,0,0,0,0,0,0,1,-1,1,1,-1,-1,-1,1,-1,-1,-1,-1,0,1,-1,-1,-1,-1,-1,1,-1,-1,1,1,-1,-1,-1,-1,-1,-1,1,-1,-1,-1,-1,-1,-1,1,-1,1,1,-1,1,-1,0,-1,-1
Mike Englund Action Economics,-1,-1,-1,-1,-1,1,-1,-1,-1,-1,1,1,1,1,-1,-1,-1,1,-1,-1,-1,0,-1,-1,-1,-1,0,-1,1,-1,-1,-1,1,-1,1,-1,1,-1,-1,-1,-1,-1,1,-1,-1,1,-1,-1,1,-1,-1,0,0,0,-1,-1,0,-1,-1,0,-1,-1,-1,0,-1,-1,-1,-1,1,1,-1,-1,-1,0,-1,1,-1,-1,-1,-1,1,1,1,-1,-1,-1,-1,-1,1,1,-1,-1,1,1,1,1,1,1,1,-1,-1,-1,1,-1,1,-1,-1,1,-1,1,1,-1,-1,-1,-1,-1,1,-1,-1,1,-1,-1,-1,0,-1,0,1,-1,-1,1,-1,-1,1,-1,1,-1,-1,1,-1,-1,1,-1,-1,1,-1,1,-1,-1,1,-1,-1,-1,-1,-1,-1,1,-1,-1,-1,-1,-1,-1,-1,1,1,-1,1,-1,-1,-1,-1,-1,1,1,-1,-1,1,0,1,-1,-1,-1,1,-1,-1,-1,1,-1,-1,-1,-1,-1,-1,-1,-1,1,1,1,-1,-1,-1,-1,1,1,1,-1,1,-1,-1,-1,0,0,0,0,0,0,0,1,-1,1,-1,-1,-1,-1,1,-1,-1,-1,-1,0,1,-1,-1,-1,-1,-1,-1,-1,-1,1,-1,-1,1,-1,-1,-1,-1,1,1,-1,-1,-1,-1,-1,1,-1,1,1,-1,-1,-1,0,-1,-1
Mikhail L Melnik Southern Polytechnic State,0,0,0,0,0,0,0,0,0,0,0,0,0,0,0,0,0,0,0,0,0,0,0,0,0,0,0,0,0,0,0,0,0,0,0,0,0,0,0,0,0,0,0,0,0,0,0,0,0,0,0,0,0,0,0,0,0,0,0,0,0,0,0,0,0,0,0,0,0,0,0,0,0,0,0,0,0,0,0,0,0,0,0,0,0,0,0,0,0,0,0,0,0,0,0,0,0,0,0,0,0,0,0,0,0,0,0,0,0,0,0,0,0,0,0,0,0,0,0,0,0,0,0,0,0,0,0,0,0,0,0,0,0,0,0,0,0,0,0,0,0,0,0,0,0,0,0,0,0,0,0,0,0,0,0,0,0,0,0,0,0,0,0,0,0,0,0,0,0,0,0,0,0,0,0,0,0,0,0,0,0,0,0,0,0,0,0,0,0,0,0,0,0,0,0,0,0,0,0,0,0,0,0,0,0,-1,-1,-1,-1,-1,0,0,0,0,0,0,0,-1,-1,-1,-1,-1,-1,-1,-1,-1,-1,-1,-1,0,-1,-1,-1,1,-1,-1,-1,-1,-1,1,1,-1,1,-1,-1,-1,0,1,1,-1,1,-1,-1,-1,1,-1,1,1,-1,1,-1,0,1,-1
Nariman Behravesh IHS Global Insight,0,0,0,0,0,0,0,0,0,0,0,0,0,0,0,0,0,0,0,0,0,0,0,0,0,0,0,0,0,0,0,0,0,0,0,0,0,0,0,0,0,0,0,0,0,0,0,0,0,0,0,0,0,0,0,0,0,0,0,0,0,0,0,0,0,0,0,0,0,0,0,0,0,0,0,0,0,0,0,0,0,0,0,0,0,0,0,0,0,0,0,0,0,0,0,0,0,0,0,0,0,0,0,0,0,0,0,0,0,0,0,0,0,0,0,0,0,0,0,0,0,0,0,0,0,0,0,0,0,0,0,0,0,0,0,0,0,0,0,0,0,0,0,0,0,0,0,0,0,0,0,0,0,0,0,0,0,0,0,0,0,0,0,0,0,0,0,0,0,0,0,0,0,0,0,0,0,0,0,0,0,0,0,0,0,0,0,0,0,0,0,0,0,-1,0,1,0,1,0,0,-1,0,0,0,-1,0,1,0,1,0,0,0,0,0,0,0,0,1,0,1,0,-1,-1,-1,0,0,-1,-1,-1,0,-1,-1,-1,1,-1,-1,1,-1,-1,0,-1,0,1,0,-1,-1,-1,-1,0,-1,-1,-1,-1,-1,1,-1,1,1,-1,1,-1,0,1,-1
Nathaniel Karp BBVA,0,-1,-1,-1,-1,0,0,0,0,0,0,0,1,-1,0,0,0,0,0,0,0,0,0,0,0,0,0,0,0,0,0,0,1,1,-1,-1,-1,-1,-1,-1,-1,-1,-1,-1,-1,1,1,-1,-1,-1,1,1,-1,-1,-1,-1,-1,-1,1,-1,-1,-1,-1,-1,-1,-1,-1,0,-1,1,-1,-1,-1,0,-1,-1,-1,-1,-1,-1,-1,1,1,1,-1,-1,1,-1,-1,1,-1,-1,-1,1,1,-1,-1,-1,-1,1,-1,-1,-1,-1,-1,0,-1,-1,-1,-1,1,-1,-1,-1,-1,-1,1,-1,-1,1,-1,-1,-1,0,-1,0,-1,-1,-1,1,-1,0,-1,-1,1,-1,-1,-1,-1,-1,-1,-1,-1,-1,-1,-1,1,1,1,-1,-1,1,-1,1,-1,-1,1,-1,0,1,-1,-1,-1,-1,-1,-1,1,-1,1,-1,-1,-1,1,1,-1,-1,1,0,-1,-1,-1,-1,1,-1,0,0,1,0,-1,-1,-1,-1,-1,-1,-1,-1,1,-1,1,1,-1,-1,1,-1,-1,0,1,-1,1,-1,0,0,0,0,0,0,0,-1,-1,-1,1,-1,-1,-1,-1,-1,-1,-1,1,0,1,-1,-1,-1,-1,-1,-1,-1,-1,-1,-1,-1,-1,-1,-1,-1,-1,-1,-1,-1,-1,-1,-1,-1,-1,-1,-1,-1,-1,-1,-1,0,-1,-1
Neal Soss Credit Suisse,1,-1,-1,1,1,1,1,-1,-1,1,-1,-1,1,1,-1,-1,1,1,1,-1,-1,0,-1,1,1,0,0,-1,-1,1,1,1,1,1,1,-1,1,-1,1,1,-1,-1,-1,-1,-1,1,1,-1,1,-1,1,1,-1,-1,-1,-1,1,-1,-1,1,1,1,-1,0,-1,1,-1,-1,-1,1,-1,-1,-1,0,-1,1,1,-1,0,-1,1,1,-1,1,-1,-1,1,-1,1,1,-1,-1,1,0,1,1,1,1,-1,1,-1,1,1,-1,-1,-1,-1,-1,-1,1,-1,1,-1,-1,-1,-1,-1,-1,-1,-1,-1,-1,-1,0,-1,0,-1,-1,-1,-1,-1,1,1,-1,1,-1,-1,1,-1,-1,1,-1,-1,-1,-1,-1,1,1,1,1,-1,-1,1,-1,-1,1,1,-1,-1,1,-1,-1,-1,1,1,-1,0,1,1,-1,-1,-1,1,1,-1,-1,1,0,1,-1,-1,-1,-1,0,1,-1,1,-1,-1,-1,-1,-1,-1,-1,-1,-1,1,1,-1,1,-1,-1,1,1,1,-1,1,1,1,-1,0,0,0,0,0,0,0,-1,-1,1,-1,-1,-1,-1,1,-1,0,-1,1,0,1,-1,-1,1,-1,0,-1,-1,-1,1,1,-1,-1,-1,-1,-1,-1,-1,-1,-1,-1,-1,-1,-1,1,-1,1,-1,-1,-1,-1,0,-1,-1
Neil Dutta Renaissance Macro Research,0,0,0,0,0,0,0,0,0,0,0,0,0,0,0,0,0,0,0,0,0,0,0,0,0,0,0,0,0,0,0,0,0,0,0,0,0,0,0,0,0,0,0,0,0,0,0,0,0,0,0,0,0,0,0,0,0,0,0,0,0,0,0,0,0,0,0,0,0,0,0,0,0,0,0,0,0,0,0,0,0,0,0,0,0,0,0,0,0,0,0,0,0,0,0,0,0,0,0,0,0,0,0,0,0,0,0,0,0,0,0,0,0,0,0,0,0,0,0,0,0,0,0,0,0,0,0,0,0,0,0,0,0,0,0,0,0,0,0,0,0,0,0,0,0,0,0,0,0,0,0,0,0,0,0,0,0,0,0,0,0,0,0,0,0,0,0,0,0,0,0,0,0,0,0,0,0,0,0,0,0,0,0,0,0,0,0,0,0,0,0,0,0,0,0,0,0,0,0,0,0,0,0,0,0,0,0,0,0,0,0,0,0,0,0,0,0,0,0,0,0,-1,-1,0,1,-1,0,0,1,0,0,0,0,-1,0,0,0,0,0,-1,0,0,0,0,-1,0,-1,0,1,0,0,0,0,0,0,0,0,0,0,0,-1,0,0,0
P. de Bruin/M. Cabezas ABN Amro Inc.,0,0,0,0,0,0,0,0,0,0,0,0,0,0,0,0,0,0,0,0,0,0,0,0,0,0,0,0,0,0,0,0,0,0,0,0,0,0,0,0,0,0,0,0,0,0,0,0,0,0,0,0,0,0,0,0,0,0,0,0,0,0,0,0,0,0,0,0,0,0,0,0,0,0,0,0,0,0,0,0,0,0,0,0,0,0,0,0,0,0,0,0,0,0,0,0,0,0,0,0,0,0,0,0,0,0,0,0,0,0,0,0,0,0,0,-1,-1,-1,-1,-1,-1,-1,-1,0,-1,0,-1,-1,-1,1,0,-1,-1,-1,1,-1,-1,-1,-1,-1,-1,-1,-1,-1,-1,-1,1,0,0,1,-1,-1,-1,-1,-1,-1,-1,-1,-1,1,-1,-1,-1,-1,-1,-1,1,-1,-1,-1,-1,-1,1,-1,0,-1,-1,0,1,-1,-1,-1,1,-1,1,-1,-1,-1,-1,-1,-1,-1,-1,-1,-1,1,-1,1,0,-1,-1,-1,-1,-1,-1,-1,-1,1,-1,-1,0,0,0,0,0,0,0,-1,-1,0,-1,-1,-1,-1,-1,-1,0,-1,-1,0,-1,-1,-1,0,-1,0,0,0,-1,1,1,-1,1,-1,-1,-1,-1,0,0,-1,1,-1,0,0,1,-1,1,1,-1,0,-1,0,1,0
Patrick Franke Helaba,-1,0,0,0,0,0,0,0,0,0,0,0,0,0,0,0,0,0,0,0,-1,0,-1,0,-1,0,0,-1,-1,-1,-1,-1,1,-1,1,0,-1,0,0,1,-1,-1,-1,-1,-1,-1,1,-1,1,-1,1,1,0,0,-1,-1,-1,-1,1,1,1,1,-1,-1,-1,1,-1,-1,1,-1,-1,-1,-1,0,-1,1,1,-1,0,0,1,-1,1,1,-1,1,1,-1,1,1,-1,-1,1,1,-1,-1,1,1,1,-1,-1,1,1,-1,1,-1,-1,1,-1,-1,1,1,-1,-1,-1,-1,1,-1,-1,1,-1,-1,-1,0,-1,0,-1,-1,-1,-1,-1,1,1,-1,1,0,-1,1,-1,-1,-1,-1,-1,1,-1,1,1,-1,1,-1,-1,1,1,1,-1,1,1,-1,-1,1,-1,-1,-1,1,1,-1,1,-1,1,-1,-1,-1,1,-1,-1,-1,1,0,1,-1,-1,-1,1,-1,1,-1,-1,-1,-1,-1,-1,-1,-1,-1,-1,1,0,-1,-1,-1,-1,-1,1,0,-1,-1,1,-1,1,-1,0,0,0,0,0,0,0,1,-1,1,1,-1,-1,-1,-1,-1,-1,-1,-1,0,1,-1,-1,1,-1,1,1,-1,-1,-1,1,-1,0,-1,-1,-1,-1,1,-1,-1,1,-1,-1,-1,1,-1,1,0,-1,1,-1,0,1,-1
Peter D'Antonio Citi,1,-1,-1,1,1,1,1,-1,1,0,1,-1,-1,0,1,-1,1,-1,-1,-1,-1,0,0,0,-1,0,0,-1,-1,1,1,1,-1,1,1,-1,-1,0,0,1,-1,-1,0,-1,-1,0,-1,-1,-1,-1,1,1,-1,-1,-1,0,0,-1,0,1,-1,0,-1,-1,-1,-1,-1,-1,1,1,-1,-1,-1,0,-1,0,1,-1,-1,0,1,1,1,1,-1,0,0,0,0,1,-1,-1,1,-1,1,1,1,1,1,1,-1,-1,1,-1,-1,0,0,-1,-1,1,1,1,-1,0,-1,-1,1,-1,-1,1,-1,-1,-1,0,-1,0,-1,-1,-1,-1,-1,1,1,-1,1,-1,-1,1,-1,-1,-1,-1,-1,1,-1,1,1,1,1,-1,-1,1,1,-1,-1,-1,1,-1,-1,-1,-1,-1,-1,1,1,-1,-1,-1,1,-1,-1,-1,1,-1,-1,-1,-1,0,1,-1,-1,-1,1,-1,1,-1,1,-1,-1,-1,-1,-1,1,-1,-1,-1,1,1,1,1,-1,-1,1,1,1,-1,-1,1,1,-1,0,0,0,0,0,0,0,1,-1,-1,1,-1,-1,-1,-1,-1,-1,-1,1,0,1,-1,-1,1,-1,1,1,-1,-1,1,1,-1,-1,-1,-1,-1,-1,-1,1,-1,1,-1,-1,-1,1,-1,-1,-1,-1,1,-1,0,1,-1
Peter Morici University of Maryland,0,0,-1,-1,0,-1,0,0,1,1,-1,-1,0,0,0,0,0,0,0,0,0,0,0,0,0,0,0,0,0,0,0,0,0,0,0,0,0,0,0,0,0,0,0,0,0,0,0,0,0,-1,-1,1,-1,-1,0,-1,0,-1,1,1,0,0,0,0,-1,0,0,-1,-1,-1,-1,0,0,0,0,-1,1,-1,-1,-1,0,-1,0,0,-1,1,0,-1,1,1,-1,-1,1,1,1,1,1,-1,0,-1,-1,-1,0,-1,1,-1,-1,1,-1,0,0,-1,-1,0,-1,-1,1,-1,-1,1,-1,-1,-1,0,-1,0,1,-1,0,1,-1,-1,1,-1,1,-1,0,1,-1,-1,-1,-1,-1,1,-1,1,-1,-1,1,1,-1,1,0,1,-1,1,1,-1,-1,1,-1,-1,-1,0,0,0,0,-1,1,-1,-1,-1,1,1,-1,-1,-1,0,1,-1,-1,-1,1,0,1,-1,1,-1,-1,-1,-1,-1,-1,-1,-1,1,1,1,-1,1,-1,-1,1,1,1,-1,1,-1,1,-1,0,0,0,0,0,0,0,0,-1,0,1,-1,0,-1,1,-1,-1,-1,-1,0,1,-1,-1,1,-1,1,-1,-1,-1,1,1,-1,1,-1,-1,-1,-1,1,-1,-1,0,-1,-1,-1,1,-1,1,0,-1,1,-1,0,1,-1
Rhys Herbert Lloyds Tsb Bank Plc,0,0,0,0,0,0,0,0,0,0,0,0,0,0,0,0,0,0,0,0,0,0,0,0,0,0,0,0,0,0,0,0,0,0,0,0,0,0,0,0,0,0,0,0,0,0,0,0,0,0,0,0,0,0,0,0,0,0,0,0,0,0,0,0,0,0,0,0,0,0,0,0,0,0,0,0,0,0,0,0,0,0,0,0,0,0,0,0,0,0,0,0,0,0,0,0,0,0,0,0,0,0,0,0,0,0,0,0,0,0,0,0,0,0,0,0,0,0,0,0,0,0,0,0,0,0,0,0,0,0,0,0,0,0,0,0,0,0,0,0,0,0,0,0,0,0,0,0,0,0,0,0,0,0,0,0,0,0,0,0,0,0,0,0,0,0,0,0,0,0,0,0,0,0,0,0,0,0,0,0,0,0,0,0,0,0,0,0,0,0,0,0,0,0,0,0,0,0,0,0,0,0,0,0,0,0,0,0,0,0,0,0,0,0,0,0,0,0,0,0,0,0,0,0,0,0,0,0,0,0,0,0,0,0,0,0,0,0,0,0,0,0,0,0,0,-1,-1,1,0,-1,-1,0,-1,-1,-1,-1,1,-1,-1,1,-1,0,-1,-1
Richard DeKaser Parthenon Group,0,0,0,0,0,0,0,0,0,0,0,0,0,0,0,0,0,0,0,0,0,0,0,0,0,0,0,0,0,0,0,0,0,0,0,0,0,0,0,0,0,0,0,0,0,0,0,0,0,0,0,0,0,0,0,-1,0,0,0,0,0,-1,0,0,0,0,0,0,0,0,0,0,0,0,0,0,0,0,0,0,0,0,0,0,0,0,0,0,0,0,0,0,0,0,0,0,0,0,0,0,0,0,0,0,0,0,0,0,0,0,0,0,0,0,0,0,0,0,0,0,0,0,0,0,0,0,0,0,0,0,0,0,0,0,0,0,0,0,0,0,1,-1,-1,1,-1,1,1,0,-1,-1,-1,1,-1,1,0,-1,1,0,-1,-1,-1,-1,-1,1,-1,-1,-1,1,-1,-1,-1,-1,1,1,-1,0,1,0,1,-1,-1,-1,-1,-1,1,-1,-1,-1,0,-1,0,-1,1,-1,-1,1,1,1,-1,-1,-1,0,1,-1,-1,-1,0,-1,0,0,0,0,0,0,0,0,0,0,0,0,0,0,0,0,0,0,0,0,0,0,0,0,0,0,0,0,0,0,0,0,0,0,0,0,0,0,0,0,0,0,0,0,0,0,0,0,0,0,0,0,0,0,0,0
Robert Brusca Fact & Opinion Economics,0,0,0,0,0,0,0,0,0,0,0,0,0,0,0,0,0,0,0,0,0,0,0,0,0,0,0,0,0,0,0,0,0,0,0,0,0,0,0,0,0,0,0,0,0,0,0,0,0,0,0,0,0,0,0,0,0,0,0,0,0,0,0,0,0,0,0,0,0,0,0,0,0,0,0,0,0,0,0,0,0,0,0,0,0,0,0,0,0,0,0,0,0,0,0,0,0,0,0,0,0,0,0,0,0,0,0,0,0,0,0,0,0,0,0,0,0,0,0,0,0,0,0,0,0,0,0,0,0,0,0,0,0,-1,-1,-1,-1,-1,-1,-1,0,-1,-1,-1,-1,-1,-1,-1,-1,1,-1,-1,-1,-1,0,0,1,-1,0,0,-1,-1,-1,1,1,-1,1,1,0,-1,-1,-1,0,0,-1,-1,-1,0,-1,-1,-1,0,0,-1,-1,0,-1,-1,-1,-1,-1,-1,-1,-1,-1,-1,1,-1,1,-1,-1,0,-1,-1,-1,-1,1,-1,0,0,0,0,0,0,0,0,0,0,0,-1,-1,0,0,0,0,0,0,0,1,0,0,0,0,0,0,1,0,0,0,0,1,-1,1,0,0,0,0,1,1,-1,0,0,0,0,1,0,0,0,0,0,1,0,0,0
Roger Kubarych Unicredit MIB,0,-1,-1,1,-1,1,-1,0,1,0,-1,0,-1,-1,-1,0,-1,0,1,0,-1,0,-1,1,-1,0,0,0,0,-1,0,-1,-1,0,-1,-1,-1,0,1,1,-1,0,1,-1,0,0,1,-1,-1,-1,0,1,0,-1,0,0,0,0,0,0,0,0,0,0,0,0,0,0,0,0,0,0,0,0,0,0,0,0,0,0,0,0,0,0,0,0,0,0,0,0,0,0,0,0,0,0,0,0,0,0,0,0,0,0,0,0,0,0,0,0,0,0,0,0,0,0,0,0,0,0,0,0,0,0,0,0,0,0,0,0,0,0,0,0,0,0,0,0,0,0,0,0,0,0,0,0,0,0,0,0,0,0,0,0,0,0,0,0,0,0,0,0,0,0,0,0,0,0,0,0,0,0,0,0,0,0,0,0,0,0,0,0,0,0,0,0,0,0,0,0,0,0,0,0,0,0,0,0,0,0,0,0,0,0,0,0,0,0,0,0,0,0,0,0,0,0,0,0,0,0,0,0,0,0,0,0,0,0,0,0,0,0,0,0,0,0,0,0,0,0,0,0,0,0,0,0,0,0,0,0,0,0,0,0,0,0,0,0,0,0,0,0,0,0
Russell Price Ameriprise Financial Inc,1,-1,0,0,-1,-1,-1,-1,-1,1,1,1,0,-1,1,-1,1,1,0,1,-1,0,-1,0,-1,0,0,-1,1,-1,-1,-1,-1,-1,1,-1,-1,0,-1,-1,-1,0,-1,-1,-1,-1,-1,-1,-1,-1,0,-1,0,-1,-1,-1,-1,-1,-1,-1,-1,-1,-1,-1,0,-1,0,-1,-1,-1,-1,-1,-1,0,-1,0,1,0,0,-1,1,-1,-1,-1,-1,0,-1,-1,-1,-1,0,-1,-1,-1,1,1,0,-1,-1,1,0,-1,0,-1,-1,0,-1,0,-1,-1,1,1,-1,-1,-1,-1,1,-1,-1,-1,-1,0,-1,0,-1,0,-1,-1,-1,-1,0,1,0,-1,1,-1,-1,0,-1,-1,-1,-1,-1,0,-1,1,1,1,-1,-1,-1,-1,-1,1,-1,1,0,-1,0,-1,-1,-1,0,0,1,-1,0,-1,0,-1,-1,-1,0,-1,-1,-1,-1,0,1,0,-1,-1,0,-1,1,0,-1,-1,-1,-1,-1,-1,1,-1,-1,1,1,1,1,-1,0,-1,-1,-1,-1,-1,1,0,1,-1,0,0,0,0,0,0,0,1,-1,-1,0,-1,-1,-1,1,-1,0,-1,1,0,0,-1,-1,1,0,-1,1,-1,-1,-1,1,-1,0,-1,-1,-1,-1,1,1,-1,-1,-1,-1,0,-1,-1,1,0,-1,0,-1,0,0,-1
Ryan Wang HSBC Markets,0,0,0,0,0,0,0,0,0,0,0,0,0,0,0,0,0,0,0,0,0,0,0,0,0,0,0,0,0,0,0,0,0,0,0,0,0,0,0,0,0,0,0,0,0,0,0,0,0,0,0,0,0,0,0,0,0,0,0,0,0,0,0,0,0,0,0,0,0,0,0,0,0,0,0,0,1,-1,-1,0,1,-1,-1,-1,-1,-1,1,-1,1,1,-1,-1,1,1,1,1,1,1,1,1,-1,1,1,-1,1,-1,-1,-1,-1,1,1,1,-1,-1,-1,-1,1,-1,-1,1,0,-1,-1,0,-1,0,1,-1,-1,1,0,0,-1,-1,1,-1,-1,1,-1,0,-1,0,-1,1,-1,1,1,1,1,0,0,1,1,1,-1,1,1,-1,-1,1,-1,-1,-1,1,1,-1,1,1,-1,-1,-1,-1,1,-1,-1,-1,1,0,1,-1,-1,-1,0,0,1,-1,-1,-1,-1,-1,-1,-1,-1,-1,-1,1,1,1,-1,-1,-1,-1,1,1,1,-1,1,1,-1,-1,0,0,0,0,0,0,0,0,-1,-1,-1,-1,-1,-1,-1,-1,-1,-1,-1,0,1,-1,-1,-1,0,0,1,-1,-1,1,1,-1,-1,-1,-1,-1,-1,1,1,-1,1,-1,-1,-1,1,-1,1,1,-1,1,-1,0,-1,-1
Scott Anderson Bank of the West,-1,0,-1,1,0,0,-1,0,-1,-1,0,-1,0,1,0,-1,-1,1,-1,-1,-1,0,0,-1,-1,0,0,-1,0,-1,-1,-1,1,-1,1,-1,1,-1,-1,-1,-1,-1,1,-1,-1,1,-1,-1,1,-1,-1,-1,0,0,0,0,0,0,0,0,0,0,0,0,0,0,0,0,0,0,0,0,0,0,0,0,0,0,0,0,0,0,0,0,0,0,0,0,0,0,0,0,0,0,0,0,0,0,0,0,0,0,0,0,0,0,0,0,0,0,0,0,0,0,0,0,0,0,0,0,0,0,0,0,0,0,0,0,0,0,0,0,0,0,0,0,0,0,0,0,0,0,0,0,0,0,0,0,0,0,0,0,0,0,0,0,0,0,0,0,0,0,0,0,0,0,0,0,0,0,0,0,0,0,0,0,0,0,0,0,0,0,0,0,0,0,0,0,0,0,0,0,0,0,0,0,0,0,0,0,0,0,0,0,0,0,0,0,0,0,0,0,0,0,0,0,0,-1,0,0,0,0,0,0,0,0,0,0,0,0,0,0,0,0,0,0,0,0,0,0,0,0,0,0,-1,-1,-1,1,1,-1,1,-1,-1,-1,1,-1,1,1,0,1,-1,0,0,-1
Scott Brown Raymond James,0,0,0,0,0,0,0,0,0,0,0,0,0,0,0,0,0,0,0,0,0,0,0,0,-1,0,0,0,-1,0,1,-1,-1,0,1,-1,-1,0,1,-1,-1,0,-1,-1,-1,-1,1,-1,1,-1,-1,0,0,0,0,-1,0,-1,-1,1,1,1,-1,0,-1,0,-1,-1,0,0,0,-1,-1,0,0,0,1,0,0,0,0,0,0,0,0,0,0,0,1,1,-1,-1,1,0,-1,-1,1,1,0,-1,-1,1,1,-1,1,-1,-1,-1,0,1,-1,1,-1,-1,-1,-1,-1,0,-1,1,-1,-1,-1,0,-1,0,0,-1,-1,-1,0,-1,1,0,1,-1,-1,1,-1,-1,1,-1,0,1,0,-1,0,0,1,-1,-1,1,1,0,-1,0,0,-1,-1,-1,0,-1,-1,0,1,-1,0,1,-1,-1,-1,-1,1,1,-1,0,1,0,0,-1,-1,-1,0,0,1,-1,1,-1,-1,-1,-1,-1,1,-1,-1,0,0,-1,-1,-1,-1,0,1,-1,1,-1,0,0,0,-1,0,0,0,0,0,0,0,1,-1,1,-1,-1,-1,-1,-1,-1,-1,-1,1,0,0,-1,-1,1,-1,1,1,-1,-1,1,1,-1,-1,-1,-1,-1,-1,-1,-1,-1,-1,-1,-1,-1,-1,-1,1,1,0,1,-1,0,1,-1
Sherry Cooper BMO Capital Markets,1,-1,-1,1,-1,-1,1,-1,1,1,1,1,1,-1,1,-1,1,1,1,1,-1,0,-1,-1,-1,0,0,-1,-1,-1,1,1,1,1,1,-1,1,-1,1,1,-1,-1,-1,-1,-1,-1,1,-1,1,-1,1,1,-1,-1,-1,-1,-1,-1,-1,-1,-1,-1,-1,-1,-1,1,-1,-1,1,-1,-1,-1,-1,0,-1,-1,1,-1,0,0,1,-1,1,1,-1,-1,-1,-1,-1,-1,-1,-1,1,1,1,1,1,-1,1,1,-1,-1,-1,-1,-1,-1,-1,1,-1,1,1,-1,-1,-1,-1,-1,-1,-1,-1,-1,-1,-1,-1,0,-1,0,1,0,-1,-1,-1,0,-1,-1,1,0,-1,1,-1,-1,1,-1,-1,1,-1,1,1,1,0,1,-1,-1,1,1,-1,-1,1,-1,-1,-1,-1,-1,-1,0,1,-1,1,1,1,-1,-1,-1,1,-1,-1,-1,1,0,1,-1,-1,-1,-1,0,1,0,-1,-1,-1,-1,-1,-1,-1,-1,0,1,1,1,-1,1,-1,-1,1,-1,1,-1,1,1,1,0,0,0,0,0,0,0,0,1,0,1,0,-1,-1,-1,-1,0,-1,-1,1,0,-1,-1,-1,-1,0,0,1,-1,-1,1,0,0,0,0,0,0,0,0,0,0,0,0,0,0,0,0,0,0,0,0,0,0,0,0
Sloan/Incremona 4CAST Ltd.,0,0,0,0,0,0,0,0,0,0,0,0,0,0,0,0,0,0,0,0,0,0,0,0,0,0,0,0,0,0,0,0,0,0,0,0,0,0,0,0,0,0,0,0,0,0,0,0,0,0,0,0,0,0,0,0,0,0,0,0,0,0,0,0,0,0,0,0,0,0,0,0,0,0,0,0,0,0,0,0,0,0,0,0,0,0,0,0,0,0,0,0,0,0,0,0,0,0,0,0,0,0,0,0,0,0,0,0,0,0,0,0,0,0,0,0,0,0,0,0,0,0,0,0,0,0,-1,-1,-1,1,-1,-1,1,-1,1,-1,-1,1,-1,-1,1,-1,-1,-1,-1,-1,1,1,1,1,-1,1,-1,1,-1,1,0,-1,-1,1,-1,-1,-1,1,1,-1,1,1,1,-1,-1,-1,1,1,-1,-1,-1,0,1,-1,-1,-1,0,-1,1,-1,1,-1,-1,-1,-1,-1,1,-1,-1,0,1,1,1,1,-1,-1,1,1,-1,-1,1,1,1,-1,0,0,0,0,0,0,0,-1,-1,1,1,-1,-1,-1,-1,-1,-1,-1,1,0,-1,-1,-1,1,-1,1,1,-1,0,1,-1,0,1,-1,-1,-1,-1,-1,1,-1,1,-1,-1,-1,1,-1,1,1,-1,1,-1,0,1,-1
Smith/Sweet Moody's Analytics,0,0,0,0,0,0,0,0,0,0,0,0,0,0,0,0,0,0,0,0,0,0,0,0,0,0,0,0,0,0,0,0,0,0,0,0,0,0,0,0,0,0,0,0,0,0,0,0,0,0,0,0,0,0,0,0,0,0,0,0,0,0,0,0,0,0,0,0,0,0,0,0,0,0,0,0,0,0,-1,-1,-1,1,1,1,-1,-1,1,-1,1,1,-1,-1,1,1,1,1,1,1,1,1,-1,-1,1,-1,1,-1,-1,-1,-1,1,1,-1,-1,-1,-1,-1,1,-1,-1,1,-1,-1,-1,0,-1,0,1,-1,-1,1,-1,0,-1,-1,1,-1,-1,1,-1,-1,1,-1,-1,1,-1,1,1,0,1,1,-1,1,1,1,-1,-1,1,-1,-1,1,-1,-1,-1,1,1,-1,1,1,1,-1,-1,-1,1,1,-1,-1,1,0,0,-1,-1,-1,-1,-1,1,-1,1,-1,-1,-1,-1,-1,1,-1,-1,-1,1,1,1,1,-1,-1,1,1,1,-1,1,1,1,-1,0,0,0,0,0,0,0,1,-1,1,1,-1,-1,-1,1,-1,-1,-1,1,0,1,-1,-1,1,-1,0,1,-1,-1,1,-1,-1,1,-1,-1,-1,-1,1,-1,-1,1,-1,-1,-1,-1,-1,1,-1,-1,1,-1,0,-1,-1
Stefane Marion National Bank Financial,0,0,0,0,0,0,0,0,0,0,0,0,0,0,0,0,0,0,0,0,0,0,0,0,0,0,0,0,0,0,0,0,0,0,0,0,0,0,0,0,0,0,0,0,0,0,0,0,0,0,-1,0,0,0,0,0,0,0,0,0,0,0,0,0,0,0,0,0,0,0,0,0,0,0,0,0,0,0,0,0,0,0,0,0,0,0,0,0,0,0,0,0,0,0,0,0,0,0,0,0,0,0,0,0,0,0,0,0,0,0,0,0,0,0,0,0,0,0,0,0,0,0,0,0,0,0,0,0,0,0,0,0,0,0,0,0,0,0,0,0,0,0,0,0,0,0,0,0,0,0,0,0,0,0,0,0,0,0,0,0,0,0,0,0,0,0,0,0,0,0,0,0,0,0,0,0,0,0,0,0,0,0,0,0,0,0,0,0,0,0,0,0,0,0,0,0,0,0,0,0,0,0,0,0,0,0,0,0,0,0,0,0,0,0,0,0,0,0,0,0,0,0,0,0,0,0,0,0,0,0,0,0,0,0,0,0,0,0,0,0,0,0,0,0,0,0,0,0,0,0,0,0,0,0,0,0,0,0,0,0,0,0,0,0
Stephen Gallagher Societe Generale,-1,0,0,-1,0,1,0,-1,0,0,1,1,-1,0,1,0,-1,0,0,0,-1,0,0,0,0,0,0,-1,0,0,-1,0,0,-1,0,0,0,0,0,0,0,0,0,0,0,0,0,0,0,0,0,0,0,0,0,0,0,0,0,0,0,0,0,0,0,0,0,0,0,0,0,0,0,0,0,0,0,0,-1,-1,0,0,0,-1,-1,-1,0,0,0,0,0,0,0,0,0,0,0,0,0,0,0,0,0,0,0,0,0,0,0,0,0,0,0,0,0,0,0,0,-1,-1,-1,-1,0,0,0,0,0,0,0,0,0,0,0,0,0,0,0,0,0,0,0,0,0,0,0,0,0,0,0,0,0,0,0,0,0,0,0,0,0,0,0,0,0,0,0,0,0,0,0,0,0,0,0,0,0,0,0,0,0,0,0,0,0,0,0,0,0,0,0,0,0,0,0,0,0,0,0,0,0,0,0,0,0,0,0,0,0,0,0,0,0,0,0,0,0,0,0,0,0,0,0,0,0,0,0,0,0,0,0,0,0,0,0,0,0,0,0,0,0,0,0,0,0,0,0,0,0,0,0,0,0,0,0,0,0,0,0,0,0,0,0,0,0,0
Stephen Gallo Schneider Foreign Exchange,-1,-1,-1,1,-1,0,-1,-1,1,-1,-1,-1,-1,-1,-1,-1,-1,-1,-1,-1,-1,0,-1,1,-1,0,0,-1,1,1,1,-1,-1,-1,-1,-1,-1,-1,-1,-1,-1,-1,1,-1,-1,1,-1,-1,-1,-1,1,-1,-1,-1,-1,-1,1,-1,1,1,-1,0,-1,-1,-1,-1,-1,-1,1,-1,-1,-1,-1,0,-1,1,1,-1,-1,0,1,0,-1,-1,-1,1,-1,-1,-1,1,-1,-1,1,-1,-1,-1,-1,-1,0,0,0,0,0,0,0,0,0,0,0,0,0,0,0,0,0,0,0,0,0,0,0,0,0,0,0,0,0,0,0,0,0,0,0,0,0,0,0,0,0,0,0,0,0,0,0,0,0,0,0,0,0,0,0,0,0,0,0,0,0,0,0,0,0,0,0,0,0,0,0,0,0,0,0,0,0,0,0,0,1,0,0,0,0,0,0,0,0,0,0,0,0,0,0,0,0,0,0,0,0,0,0,0,0,0,0,0,0,0,0,0,0,0,0,0,0,0,0,0,0,0,0,0,0,0,0,0,0,0,0,0,0,0,0,0,0,0,0,0,0,0,0,0,0,0,0,0,0,0,0,0,0,0,0,0,0,0,0,0,0,0,0,0,0,0
Stephen Stanley Pierpont Securities LLC,0,0,0,0,0,0,0,0,0,0,0,0,0,0,0,0,0,0,0,0,0,0,0,0,0,0,0,0,0,0,0,0,0,0,0,0,0,0,0,0,0,0,0,0,0,0,0,0,0,0,0,0,0,0,0,0,0,0,0,0,0,0,0,0,0,0,0,0,0,0,0,0,0,0,0,0,0,0,0,0,0,0,0,0,0,0,0,0,0,0,0,0,1,-1,-1,0,1,-1,1,-1,-1,1,-1,-1,-1,-1,-1,-1,-1,1,1,1,-1,-1,-1,-1,-1,-1,-1,-1,-1,-1,-1,0,-1,0,1,-1,-1,1,-1,0,-1,-1,1,-1,-1,1,-1,0,-1,-1,-1,-1,-1,1,1,1,1,-1,-1,1,-1,1,-1,1,1,-1,-1,-1,-1,-1,-1,1,1,-1,1,1,1,-1,-1,-1,1,0,-1,-1,-1,0,1,-1,-1,-1,-1,0,1,-1,-1,-1,-1,-1,-1,0,1,-1,-1,-1,1,1,1,0,-1,-1,1,1,1,-1,-1,1,1,-1,0,0,0,0,0,0,0,1,-1,1,-1,-1,-1,-1,-1,-1,-1,-1,1,0,1,-1,-1,1,-1,1,-1,-1,-1,1,1,-1,1,-1,-1,-1,-1,-1,1,-1,1,-1,-1,-1,-1,-1,1,1,-1,1,-1,0,1,-1
Stephen Stanley RBS Securities Inc.,0,-1,0,1,1,0,1,0,0,0,1,0,1,0,0,0,1,0,-1,0,0,0,-1,1,-1,0,0,0,0,0,0,0,0,1,0,-1,-1,-1,0,0,-1,0,1,-1,-1,1,0,-1,1,-1,-1,1,-1,-1,-1,-1,1,0,1,1,0,1,-1,-1,-1,1,-1,-1,0,1,-1,-1,-1,0,0,1,1,0,-1,-1,0,1,1,1,-1,1,-1,0,1,0,0,0,0,0,1,0,0,0,0,0,0,0,0,0,0,0,0,0,0,0,0,0,0,0,0,0,0,0,0,0,0,0,0,0,0,0,0,0,0,0,0,0,0,0,0,0,0,0,0,0,0,0,0,0,0,0,0,0,0,0,0,0,0,0,0,0,0,0,0,0,0,0,0,0,0,0,0,0,0,0,0,0,0,0,0,0,0,0,0,0,0,0,0,0,0,0,0,0,0,0,0,0,0,0,0,0,0,0,0,0,0,0,0,0,0,0,0,0,0,0,0,0,0,0,0,0,0,0,0,0,0,0,0,0,0,0,0,0,0,0,0,0,0,0,0,0,0,0,0,0,0,0,0,0,0,0,0,0,0,0,0,0,0,0,0,0,0,0,0,0,0,0,0,0
Steve Blitz ITG Investment Research,0,0,0,0,0,0,0,0,0,0,0,0,0,0,0,0,0,0,0,0,0,0,0,0,0,0,0,0,0,0,0,0,0,0,0,0,0,0,0,0,0,0,0,0,0,0,0,0,0,0,0,0,0,0,0,0,0,0,0,0,0,0,0,0,0,0,0,0,0,0,0,0,0,0,0,0,0,0,0,0,0,0,0,0,0,0,0,0,0,0,0,0,0,0,0,0,0,0,0,0,0,0,0,0,0,0,0,0,0,0,0,0,0,0,0,0,0,0,0,0,0,0,0,0,0,0,0,0,0,0,0,0,0,0,0,0,0,0,0,0,0,0,0,0,0,0,0,0,0,0,0,0,0,0,0,0,0,0,0,0,0,0,0,0,0,0,0,0,0,0,0,0,0,0,0,0,0,0,0,0,0,0,0,0,0,0,0,0,0,0,0,0,0,0,0,0,0,0,0,0,0,0,0,0,0,0,0,0,0,0,0,0,0,0,0,0,0,0,0,0,0,0,-1,0,0,0,0,0,0,0,0,0,0,0,0,0,0,0,0,0,0,0,0,0,0,0,0,0,0,0,0,-1,0,0,0,0,0,0,0,0,0,0,0,0
Steven Ricchiuto Mizuho Securities,0,0,0,0,0,0,0,0,0,0,0,0,0,0,0,0,0,0,0,0,0,0,0,1,1,-1,0,0,-1,1,0,0,0,0,0,0,0,0,1,1,-1,-1,1,-1,-1,-1,1,0,0,-1,1,0,-1,-1,-1,0,1,-1,0,0,1,0,-1,0,-1,1,-1,-1,1,1,-1,-1,-1,0,-1,1,0,-1,0,-1,1,1,1,1,-1,1,1,-1,1,0,-1,0,1,1,1,1,1,1,1,1,-1,1,1,-1,1,-1,0,1,-1,1,1,0,0,-1,-1,-1,1,-1,-1,0,-1,0,-1,0,-1,0,-1,-1,0,0,0,-1,-1,-1,0,-1,-1,0,-1,-1,1,-1,-1,1,0,1,0,1,-1,1,-1,1,-1,-1,-1,1,0,-1,-1,-1,0,-1,0,1,0,-1,-1,-1,0,-1,-1,-1,1,1,-1,-1,1,0,0,-1,0,-1,0,-1,1,-1,1,-1,-1,-1,0,-1,1,-1,-1,1,1,1,1,1,-1,-1,1,-1,0,-1,-1,-1,-1,0,0,0,0,0,0,0,0,1,-1,1,1,-1,0,-1,0,-1,0,-1,-1,0,-1,-1,-1,0,0,0,1,-1,-1,1,1,-1,0,-1,0,-1,-1,1,-1,-1,1,-1,-1,-1,0,-1,1,1,-1,-1,-1,0,1,-1
Steven Wood Insight Economics,0,-1,-1,1,1,1,-1,0,1,-1,-1,-1,1,1,1,-1,-1,1,-1,-1,-1,0,-1,1,1,-1,0,-1,1,1,1,1,1,1,1,-1,1,-1,1,1,-1,-1,1,-1,0,0,-1,-1,0,0,0,1,-1,-1,-1,-1,1,-1,1,-1,0,1,-1,-1,-1,-1,-1,-1,0,1,-1,0,-1,0,-1,0,1,-1,-1,-1,1,0,0,0,-1,1,0,-1,0,-1,-1,-1,1,1,-1,-1,0,1,1,-1,0,-1,1,-1,-1,-1,-1,1,0,1,-1,-1,-1,0,-1,0,0,-1,-1,1,0,-1,-1,0,-1,0,1,-1,-1,1,0,-1,1,-1,1,-1,-1,1,0,-1,1,0,-1,0,-1,1,1,-1,-1,-1,-1,-1,-1,-1,-1,1,1,-1,-1,1,-1,-1,-1,1,-1,0,-1,-1,-1,0,-1,-1,1,0,-1,-1,1,0,1,-1,-1,-1,1,-1,1,-1,1,-1,-1,0,0,-1,1,-1,-1,1,1,1,-1,-1,-1,-1,1,-1,1,-1,-1,0,1,-1,0,0,0,0,0,0,0,-1,0,1,1,-1,-1,-1,-1,-1,-1,-1,1,0,1,-1,-1,1,0,1,0,0,0,0,0,0,0,0,0,0,0,0,0,0,0,0,0,0,0,0,0,0,0,0,0,0,0,0
T. Costerg/S. Weng Standard Chartered Bank,0,0,0,0,0,0,0,0,0,0,0,0,0,0,0,0,0,0,0,0,0,0,0,0,0,0,0,0,0,0,0,0,0,0,0,0,0,0,0,0,0,0,0,0,0,0,0,0,0,0,0,0,0,0,0,0,0,0,0,0,0,0,0,0,0,0,0,0,0,0,0,0,0,0,0,0,0,0,0,0,0,0,0,0,0,0,0,0,0,0,0,0,0,0,0,0,0,0,0,0,0,0,0,0,0,0,0,0,0,0,0,0,0,0,0,0,0,0,0,0,0,0,0,0,0,0,0,0,0,0,0,0,0,0,0,0,0,0,0,0,0,0,0,0,0,0,0,0,0,0,0,0,0,0,0,0,0,0,0,0,0,0,0,0,0,0,0,0,0,0,0,0,0,0,0,0,0,0,0,0,0,0,0,0,0,0,0,0,0,0,0,0,0,0,0,0,0,0,0,0,0,0,0,0,0,0,0,0,0,0,0,0,0,0,0,0,0,0,0,0,0,0,0,0,0,0,0,0,0,0,0,0,0,0,0,0,0,0,0,0,-1,-1,-1,-1,-1,-1,-1,1,-1,-1,1,-1,-1,-1,1,-1,1,-1,-1,1,-1,0,1,-1
Ted Wieseman Morgan Stanley,0,0,0,0,0,0,0,0,0,0,0,0,0,0,0,0,0,0,0,0,0,0,0,0,0,0,0,0,0,0,0,0,0,0,0,0,0,0,0,0,0,0,0,0,0,0,0,0,0,0,0,0,0,0,0,0,0,0,0,0,0,0,0,0,0,0,0,0,0,0,0,0,0,0,0,0,0,0,0,0,0,0,0,0,0,0,0,0,0,0,0,0,0,0,0,0,0,0,0,0,0,0,0,0,0,0,0,0,0,0,0,0,0,0,0,0,0,0,0,0,0,0,0,0,0,0,0,0,0,0,0,0,0,0,0,0,0,0,0,0,0,0,0,0,0,0,0,0,0,0,0,0,0,0,0,0,0,0,0,0,0,0,0,0,0,0,0,0,0,0,0,0,0,0,0,0,0,0,0,0,0,0,0,0,0,0,0,0,0,0,0,0,0,0,0,0,0,0,0,0,0,0,0,0,0,0,0,0,0,0,0,0,0,0,0,0,0,0,0,0,0,0,0,0,0,0,0,0,0,0,0,0,0,0,0,0,0,0,0,0,0,0,0,0,0,0,0,0,0,-1,0,-1,-1,-1,0,-1,0,0,-1,0,-1,0,0,0
Tom Porcelli RBC Capital Markets,0,0,0,0,0,0,0,0,0,0,0,0,0,0,0,0,0,0,0,0,0,0,0,0,0,0,0,0,0,0,0,0,0,0,0,0,0,0,0,0,0,0,0,0,0,0,0,0,0,0,0,0,0,0,0,0,0,0,0,0,0,0,0,0,0,0,0,0,0,0,0,0,0,0,0,0,0,0,0,0,0,0,0,0,0,0,0,0,0,0,0,0,0,0,0,0,0,0,0,0,0,0,0,0,0,0,0,0,0,1,1,1,-1,-1,-1,-1,-1,-1,-1,-1,-1,-1,-1,0,-1,0,1,-1,-1,-1,-1,1,-1,0,1,-1,-1,1,-1,-1,1,-1,-1,-1,-1,-1,1,1,-1,-1,-1,1,1,-1,-1,-1,1,-1,-1,1,-1,-1,-1,0,-1,0,1,1,-1,-1,-1,-1,-1,1,-1,-1,1,0,0,-1,-1,-1,1,0,1,-1,1,-1,0,-1,-1,-1,1,-1,-1,1,1,1,-1,1,-1,-1,1,1,1,-1,1,1,-1,-1,0,0,0,0,0,0,0,1,-1,1,-1,-1,-1,-1,1,-1,-1,-1,1,0,-1,-1,-1,1,-1,1,1,-1,-1,1,1,-1,1,-1,-1,-1,-1,-1,1,-1,1,-1,-1,-1,1,-1,1,1,-1,1,-1,0,-1,-1
Uwe Duerkop Landesbank Berlin,0,0,0,0,0,0,0,0,0,0,0,0,0,0,0,0,0,0,0,0,0,0,0,0,0,0,0,0,1,1,-1,-1,-1,-1,-1,-1,-1,-1,-1,-1,-1,-1,-1,-1,-1,-1,-1,-1,-1,-1,-1,1,0,0,0,-1,1,-1,1,1,-1,0,-1,-1,-1,1,-1,-1,1,1,-1,-1,-1,0,-1,0,1,-1,-1,0,-1,0,1,-1,-1,-1,-1,-1,-1,-1,-1,-1,-1,-1,-1,-1,-1,-1,-1,-1,-1,-1,-1,-1,-1,-1,-1,1,-1,1,-1,-1,-1,-1,-1,-1,1,-1,-1,1,-1,-1,-1,0,-1,0,1,-1,-1,1,-1,1,-1,-1,1,-1,-1,-1,-1,-1,0,0,-1,-1,-1,-1,-1,-1,-1,-1,-1,0,-1,-1,-1,-1,0,-1,-1,1,-1,-1,-1,1,1,-1,1,-1,-1,-1,-1,-1,1,1,-1,-1,1,0,1,-1,-1,-1,1,-1,1,-1,1,-1,-1,-1,-1,-1,1,-1,-1,1,0,1,1,1,-1,-1,1,1,1,-1,1,-1,-1,-1,0,0,0,0,0,0,0,-1,-1,1,-1,-1,-1,-1,1,-1,-1,-1,-1,0,-1,-1,-1,1,-1,0,-1,-1,-1,1,-1,-1,0,0,0,0,0,0,0,0,0,0,0,0,0,0,0,0,0,0,0,0,0,0
Ward McCarthy Jefferies LLC,0,0,0,0,0,0,0,0,0,0,0,0,0,0,0,0,0,0,0,0,0,0,0,0,0,0,0,0,0,0,0,0,0,0,0,0,0,0,0,0,0,0,0,0,0,0,0,0,0,0,0,0,0,0,0,0,0,0,0,0,0,0,0,-1,-1,1,0,0,1,0,0,-1,-1,0,-1,1,0,0,-1,0,1,-1,1,0,0,0,0,0,1,-1,-1,-1,-1,0,-1,0,1,-1,1,1,-1,1,-1,-1,1,-1,-1,-1,-1,0,0,1,-1,-1,-1,-1,1,-1,-1,-1,-1,-1,-1,0,-1,0,0,-1,-1,1,0,1,1,-1,1,-1,0,0,-1,-1,-1,-1,-1,1,-1,-1,1,1,0,0,-1,1,1,0,-1,-1,-1,0,-1,-1,-1,-1,-1,0,0,-1,1,1,1,0,-1,0,0,-1,-1,-1,0,0,0,-1,-1,-1,0,-1,1,-1,-1,0,-1,-1,-1,-1,1,-1,-1,0,1,1,1,1,-1,-1,1,0,1,-1,1,1,-1,-1,0,0,0,0,0,0,0,1,-1,1,-1,-1,-1,-1,1,-1,-1,-1,1,0,1,-1,-1,1,-1,1,-1,-1,-1,1,1,-1,1,-1,-1,-1,-1,-1,1,-1,1,-1,-1,-1,1,-1,-1,1,-1,1,-1,0,-1,0
Weidensteiner/Balz Commerzbank AG,0,0,-1,0,0,-1,1,-1,1,1,-1,-1,0,-1,1,-1,0,-1,-1,1,-1,0,0,1,1,0,0,-1,1,0,1,1,1,1,-1,-1,0,-1,1,-1,-1,-1,1,-1,-1,1,1,-1,1,-1,1,1,-1,-1,-1,-1,-1,-1,-1,1,1,-1,-1,0,0,-1,-1,-1,-1,1,-1,-1,-1,0,-1,-1,0,-1,0,0,1,1,0,1,-1,-1,-1,-1,-1,-1,-1,-1,-1,1,1,-1,1,-1,1,-1,0,-1,0,-1,-1,-1,-1,-1,-1,-1,1,1,-1,-1,-1,-1,1,-1,-1,-1,-1,-1,-1,0,-1,0,1,-1,-1,1,0,1,-1,-1,-1,-1,-1,-1,-1,-1,-1,0,-1,-1,-1,-1,1,0,1,1,-1,-1,1,1,-1,-1,1,-1,-1,-1,-1,-1,-1,-1,1,-1,-1,-1,1,-1,0,-1,1,-1,-1,-1,-1,0,1,-1,0,0,0,-1,-1,-1,-1,-1,-1,0,-1,-1,-1,-1,-1,-1,-1,0,1,1,-1,-1,1,1,0,-1,0,0,1,-1,0,0,0,0,0,0,0,1,-1,-1,0,-1,-1,-1,1,-1,-1,-1,-1,0,-1,-1,-1,-1,-1,0,1,-1,-1,-1,1,-1,-1,-1,-1,-1,-1,-1,0,-1,-1,-1,-1,-1,0,-1,1,-1,-1,1,-1,0,-1,-1
Wesbury/Stein First Trust Advisors,0,-1,-1,-1,1,-1,-1,-1,1,-1,1,1,1,1,1,-1,1,1,1,-1,-1,0,-1,-1,1,-1,0,-1,-1,-1,-1,-1,1,1,1,-1,-1,-1,-1,-1,-1,-1,-1,-1,-1,-1,1,-1,1,-1,-1,1,-1,-1,-1,-1,-1,-1,-1,1,1,-1,-1,-1,-1,1,-1,-1,-1,1,-1,-1,-1,0,-1,1,1,-1,-1,-1,1,-1,1,-1,-1,-1,1,-1,-1,1,-1,-1,1,1,1,1,1,1,1,1,-1,-1,1,-1,-1,-1,-1,-1,-1,-1,-1,-1,-1,-1,-1,-1,1,-1,-1,-1,-1,-1,-1,0,-1,0,-1,-1,-1,-1,0,0,-1,-1,-1,-1,-1,1,-1,-1,-1,-1,-1,-1,-1,-1,1,-1,1,1,-1,1,1,1,-1,1,1,-1,-1,-1,-1,-1,-1,-1,1,-1,1,-1,1,-1,-1,-1,1,1,-1,-1,-1,0,1,-1,-1,-1,-1,-1,-1,-1,-1,-1,-1,-1,-1,-1,-1,-1,-1,1,1,1,1,1,-1,-1,1,1,-1,-1,-1,1,1,-1,0,0,0,0,0,0,0,-1,-1,-1,1,-1,-1,-1,1,-1,-1,-1,1,0,1,-1,-1,-1,-1,-1,1,-1,-1,-1,1,-1,-1,-1,-1,-1,-1,-1,-1,-1,-1,-1,-1,-1,1,-1,-1,1,-1,1,-1,0,1,-1
William Jordan Ried Thunberg & Co.,1,-1,-1,1,1,1,1,-1,1,1,1,-1,1,1,-1,-1,1,1,-1,1,-1,0,-1,-1,1,-1,0,-1,-1,1,0,1,1,0,1,-1,-1,-1,-1,1,-1,-1,1,-1,0,1,-1,-1,1,-1,-1,0,-1,-1,-1,-1,1,-1,1,-1,-1,-1,-1,-1,-1,-1,-1,-1,1,-1,-1,-1,-1,0,-1,-1,1,0,-1,0,-1,0,0,1,-1,0,0,-1,1,0,-1,-1,1,-1,1,1,1,1,1,1,-1,1,0,0,1,0,-1,1,0,1,1,0,0,0,0,0,0,0,0,0,0,0,0,0,0,0,0,0,0,0,0,0,0,0,0,0,0,0,0,0,0,0,0,0,0,0,0,0,0,0,0,0,0,0,0,0,0,0,0,0,0,0,0,0,0,0,0,0,0,0,0,0,0,0,0,0,0,0,0,0,0,0,0,0,0,0,0,0,0,0,0,0,0,0,0,0,0,0,0,0,0,0,0,0,0,0,0,0,0,0,0,0,0,0,0,0,0,0,0,0,0,0,0,0,0,0,0,0,0,0,0,0,0,0,0,0,0,0,0,0,0,0,0,0,0,0,0,0,0,0,0,0,0,0,0,0,0,0,0,0,0,0,0,0
