OUTFGAF Index,,,,,,,,,,,,,,,,,,,,,,,,,,,,,,,,,,,,,,,,,,,,,,,,,,,,,,,,,,,,,
,7/17/2008,8/17/2008,9/17/2008,10/17/2008,11/17/2008,12/17/2008,1/17/2009,2/17/2009,3/17/2009,4/17/2009,5/17/2009,6/17/2009,7/17/2009,8/17/2009,9/17/2009,10/17/2009,11/17/2009,12/17/2009,1/17/2010,2/17/2010,3/17/2010,4/17/2010,5/17/2010,6/17/2010,7/17/2010,8/17/2010,9/17/2010,10/17/2010,11/17/2010,12/17/2010,1/17/2011,2/17/2011,3/17/2011,4/17/2011,5/17/2011,6/17/2011,7/17/2011,8/17/2011,9/17/2011,10/17/2011,11/17/2011,12/17/2011,1/17/2012,2/17/2012,3/17/2012,4/17/2012,5/17/2012,6/17/2012,7/17/2012,8/17/2012,9/17/2012,10/17/2012,11/17/2012,12/17/2012,1/17/2013,2/17/2013,3/17/2013,4/17/2013,5/17/2013,6/17/2013,7/17/2013
,-1,-1,1,-1,-1,1,1,-1,1,1,-1,1,-1,1,1,-1,1,1,-1,1,1,1,1,-1,-1,-1,-1,-1,1,1,-1,1,1,-1,-1,-1,1,-1,-1,1,-1,1,-1,1,1,-1,-1,-1,-1,-1,1,1,-1,1,-1,-1,1,-1,-1,1,1
 BNP Paribas,-1,-1,1,-1,-1,1,1,-1,-1,1,-1,0,-1,-1,-1,-1,1,-1,-1,1,1,1,1,-1,-1,-1,-1,-1,1,0,0,0,0,0,0,0,0,0,0,0,0,0,0,0,0,0,0,0,0,0,0,0,0,0,0,0,0,0,0,0,0
 Briefing.com,-1,-1,1,-1,-1,1,1,-1,-1,1,-1,-1,-1,1,1,0,-1,1,-1,-1,-1,-1,1,-1,-1,-1,-1,-1,-1,-1,-1,-1,-1,-1,-1,-1,-1,-1,-1,1,-1,-1,-1,1,1,-1,-1,-1,-1,-1,-1,-1,-1,1,-1,0,0,0,0,0,0
 Castle Financial,0,0,0,0,0,0,0,0,0,0,0,0,0,0,0,0,0,0,0,0,0,0,0,-1,0,0,0,0,0,0,0,0,0,0,0,0,0,0,0,0,0,0,0,0,0,0,0,0,0,0,0,0,0,0,0,0,0,0,0,0,0
 DZ Bank,0,0,0,0,0,0,0,0,0,0,0,0,0,0,0,0,0,0,0,0,0,0,0,0,0,0,0,0,0,0,0,0,0,0,0,0,0,0,0,0,0,0,0,0,0,0,0,0,0,0,0,0,0,0,0,0,0,0,-1,1,1
" Goldman, Sachs & Co.",0,0,0,0,0,0,0,0,0,0,0,0,0,0,0,0,0,0,-1,1,1,1,1,-1,-1,-1,-1,-1,-1,1,-1,1,1,-1,-1,-1,-1,-1,-1,1,-1,1,-1,-1,-1,-1,-1,-1,-1,-1,1,1,-1,-1,-1,-1,1,-1,-1,-1,-1
 Intesa Sanpaolo,-1,-1,1,-1,-1,-1,-1,-1,1,1,-1,1,-1,-1,1,-1,1,1,-1,1,-1,1,-1,-1,-1,-1,-1,-1,1,1,-1,1,1,-1,-1,-1,1,-1,-1,1,-1,1,-1,1,0,-1,-1,-1,-1,-1,1,1,-1,1,0,-1,1,-1,-1,1,-1
 Merrill Lynch/BAS,-1,-1,1,-1,-1,-1,-1,-1,-1,-1,-1,-1,0,1,1,0,0,0,0,0,0,0,0,0,0,0,0,0,0,0,0,0,0,0,0,0,0,0,0,0,0,0,0,0,0,0,0,0,0,0,0,0,0,0,0,0,0,0,0,0,0
 Nomura Securities Intl Inc,0,0,0,0,0,0,0,0,0,0,0,0,0,0,0,0,0,0,0,0,0,0,0,0,0,0,0,0,0,0,0,0,0,0,0,0,0,0,0,0,0,0,0,0,0,0,0,0,0,0,0,0,0,0,0,0,0,0,0,1,1
 Pierian Capital,0,0,0,0,0,0,0,0,0,0,0,0,0,0,0,0,0,0,0,0,0,0,0,0,0,0,0,0,0,1,-1,0,0,0,0,0,0,0,-1,0,0,0,0,0,0,0,0,0,0,0,0,0,0,0,0,0,0,0,0,0,0
 RBC Capital Markets,0,0,0,0,0,0,0,0,0,0,0,0,0,1,0,-1,-1,1,-1,1,-1,-1,1,-1,-1,0,0,0,0,0,0,0,0,0,0,0,0,0,0,0,0,0,0,0,0,0,0,0,0,0,0,0,0,0,0,0,0,0,0,0,0
 Stone & McCarthy Research,-1,-1,1,-1,-1,-1,1,-1,-1,-1,-1,-1,-1,-1,1,-1,-1,-1,-1,-1,-1,1,-1,-1,-1,-1,-1,-1,1,1,-1,1,1,-1,-1,-1,-1,-1,-1,-1,-1,-1,-1,-1,1,-1,-1,-1,-1,-1,1,-1,-1,-1,-1,-1,-1,-1,-1,1,-1
Allan von Mehren Danske Bank,0,0,0,0,0,0,0,0,0,0,0,0,0,0,0,0,0,0,0,0,0,0,0,0,0,0,0,0,0,0,0,0,0,0,-1,-1,1,-1,0,-1,-1,1,-1,-1,-1,0,-1,-1,0,-1,-1,1,0,0,0,0,0,0,0,0,0
Annalisa Piazza Newedge,-1,0,0,-1,-1,-1,1,-1,-1,-1,-1,-1,-1,1,1,-1,0,0,0,0,0,0,0,0,0,-1,-1,0,1,1,-1,0,-1,0,0,0,1,-1,0,0,0,1,0,0,0,0,0,0,0,0,0,0,0,0,0,0,0,0,0,0,0
Anthony Chan JPMorgan's Private Wealth Man.,-1,-1,1,0,-1,-1,0,-1,-1,1,0,0,0,0,0,0,0,0,0,0,0,0,0,0,0,0,0,0,0,0,0,0,0,0,0,0,0,0,0,0,0,0,0,0,0,0,0,0,0,0,0,0,0,0,0,0,0,0,0,0,0
Avery Shenfeld CIBC World Markets,0,0,0,0,0,0,0,0,0,0,0,0,0,0,0,0,0,0,0,0,0,0,0,0,0,0,0,0,0,0,0,0,0,-1,0,0,0,0,0,0,0,0,0,0,0,0,0,0,0,0,0,0,0,0,0,0,0,0,0,0,0
Bantleon Bank AG Bantleon Bank AG,-1,-1,-1,-1,-1,1,1,0,-1,1,-1,1,-1,1,-1,-1,0,-1,-1,1,0,1,0,-1,-1,-1,-1,0,1,-1,0,0,-1,0,-1,-1,1,-1,-1,0,0,-1,-1,1,0,-1,-1,-1,-1,-1,1,1,0,-1,-1,-1,1,-1,-1,1,1
Bastian Hepperle WestLB AG,-1,-1,1,-1,-1,1,1,-1,-1,1,-1,-1,-1,-1,-1,-1,-1,-1,-1,-1,0,0,0,-1,-1,-1,-1,-1,1,-1,-1,-1,1,-1,-1,-1,1,-1,-1,-1,-1,-1,-1,-1,1,-1,-1,0,0,0,0,0,0,0,0,0,0,0,0,0,0
Beatriz Tejero Ibersecurities,0,0,0,0,0,0,0,0,0,0,0,0,0,0,0,0,0,1,-1,0,1,-1,0,-1,-1,-1,0,0,-1,0,-1,-1,-1,0,-1,0,0,0,0,0,0,0,0,0,0,0,0,0,0,0,0,0,0,0,0,0,0,0,0,0,0
Bernd Krampen Nord/LB,-1,-1,0,-1,-1,1,1,-1,1,1,0,0,0,1,1,-1,0,-1,-1,-1,0,-1,0,0,0,-1,-1,-1,-1,-1,0,1,-1,-1,-1,-1,0,-1,0,1,-1,1,0,-1,-1,-1,-1,-1,-1,0,1,1,-1,1,0,-1,0,-1,0,-1,0
Besch/Luetje DekaBank,-1,-1,1,-1,-1,0,1,-1,1,1,-1,1,-1,1,1,-1,1,-1,-1,1,-1,1,1,-1,-1,-1,-1,-1,1,1,-1,1,-1,-1,-1,-1,1,-1,-1,1,-1,1,-1,1,1,-1,-1,-1,0,-1,1,1,-1,1,-1,-1,1,-1,-1,1,1
Beth Ann Bovino Standard & Poor's,0,0,0,0,0,0,0,0,0,0,0,0,0,0,0,0,0,0,0,0,0,0,0,0,0,0,0,0,0,0,0,0,0,0,0,0,0,0,0,0,0,0,0,0,1,0,0,0,0,0,0,0,0,0,0,0,0,0,0,0,0
Brian M. Jones Societe Generale,0,0,0,0,0,0,0,0,0,0,0,0,0,0,0,0,0,0,0,0,0,0,0,0,0,0,0,0,1,1,-1,1,1,-1,-1,-1,1,-1,-1,-1,-1,1,-1,1,1,-1,-1,0,-1,-1,-1,1,-1,1,-1,-1,1,-1,-1,1,1
Chris Rupkey Bank of Tokyo- Mitsubishi UFJ,0,0,0,0,0,0,0,0,0,0,0,0,0,0,0,0,0,0,0,0,0,0,0,0,0,0,0,0,0,0,0,0,0,0,0,-1,0,0,-1,0,-1,0,0,1,1,0,0,0,0,0,-1,0,-1,0,-1,-1,-1,0,-1,0,1
Christian Reicherter DZ Bank,-1,-1,-1,-1,-1,-1,-1,-1,-1,-1,0,-1,-1,1,1,-1,1,0,-1,1,-1,1,-1,-1,0,-1,-1,-1,1,-1,-1,-1,0,-1,0,0,0,-1,-1,-1,-1,-1,-1,-1,-1,0,-1,0,-1,-1,-1,-1,0,0,0,0,0,0,0,0,0
Christiane Von Berg Bayerische Landesbank,0,0,0,0,0,0,0,0,0,0,0,0,0,0,0,0,0,0,0,0,0,0,0,0,0,0,0,0,0,0,0,0,0,0,0,0,0,0,0,0,0,0,0,0,0,0,0,0,0,0,0,0,0,0,0,-1,1,-1,-1,-1,-1
Christoph Schroeter Bayerische Landesbank,0,0,0,0,0,0,0,0,0,0,0,0,0,0,0,0,0,0,0,0,0,0,0,0,0,0,0,0,0,0,0,0,0,0,0,0,0,0,-1,1,-1,0,-1,-1,0,-1,0,-1,-1,-1,-1,1,-1,1,-1,0,0,0,0,0,0
Christopher Low FTN Financial,-1,-1,-1,0,-1,-1,0,0,0,0,-1,0,0,-1,0,-1,-1,-1,0,0,0,0,0,0,0,0,0,0,0,0,0,0,0,0,0,0,0,0,0,0,0,0,0,0,0,0,0,-1,0,0,0,0,0,0,0,0,0,0,0,0,-1
Claudia Windt Helaba,-1,-1,1,-1,-1,0,0,0,0,0,0,0,0,0,0,0,0,0,0,0,0,0,0,0,0,0,0,0,0,0,0,0,0,0,0,0,0,0,0,0,0,0,0,0,0,0,0,0,0,0,0,0,0,0,0,0,0,0,0,0,0
Concepcion Sanz Banesto,0,0,0,0,0,0,0,0,0,0,0,0,-1,-1,-1,-1,1,1,-1,1,-1,-1,1,-1,-1,-1,-1,-1,1,-1,-1,-1,1,-1,-1,-1,1,0,0,1,-1,0,-1,-1,1,0,0,0,0,0,0,0,0,0,0,0,0,0,0,0,0
Dariusz Kowalczyk SJS Markets LTD,-1,-1,-1,-1,0,0,0,0,0,0,0,0,0,0,0,0,0,0,0,0,0,0,0,0,0,0,0,0,0,0,0,0,0,0,0,0,0,0,0,0,0,0,0,0,0,0,0,0,0,0,0,0,0,0,0,0,0,0,0,0,0
David Greenlaw Morgan Stanley & Co.,0,0,0,0,0,0,0,0,0,0,0,0,0,0,0,0,0,0,0,0,0,0,0,-1,0,-1,0,0,0,1,0,0,0,0,0,0,0,0,0,0,0,0,0,0,0,0,0,0,0,0,0,0,0,0,0,0,0,0,0,0,0
David Resler Nomura Securities Intl.,-1,-1,1,-1,-1,1,1,-1,1,1,-1,1,-1,1,-1,-1,-1,1,-1,-1,-1,1,-1,-1,-1,-1,-1,-1,-1,1,-1,-1,-1,-1,-1,-1,1,-1,-1,-1,-1,1,-1,-1,-1,-1,-1,-1,-1,-1,-1,1,0,0,0,0,0,0,0,0,0
David Semmens Standard Chartered,0,0,0,0,0,-1,-1,-1,0,0,0,0,-1,1,-1,0,0,0,0,0,-1,0,-1,0,-1,-1,-1,-1,1,0,-1,1,1,-1,-1,-1,1,-1,-1,1,-1,1,-1,-1,0,-1,-1,-1,-1,-1,1,-1,-1,-1,-1,0,0,0,0,0,0
David Sloan 4CAST Ltd.,-1,-1,1,-1,-1,-1,-1,-1,1,-1,-1,1,-1,1,1,-1,1,1,-1,-1,-1,1,-1,-1,-1,-1,-1,0,1,0,0,0,0,0,0,0,0,0,0,0,0,0,0,0,0,0,0,0,0,0,0,0,0,0,0,0,0,0,0,0,0
Dean Maki Barclays,-1,-1,1,-1,-1,-1,-1,-1,1,1,-1,1,-1,1,1,-1,-1,1,-1,1,1,-1,1,-1,-1,-1,-1,-1,1,1,-1,1,-1,-1,-1,-1,1,-1,-1,-1,-1,1,-1,-1,-1,-1,-1,-1,-1,-1,-1,1,-1,1,-1,-1,-1,-1,-1,-1,1
Derek Holt Scotiabank,-1,-1,0,0,-1,-1,0,0,0,0,0,0,0,0,0,-1,-1,1,-1,1,1,0,-1,-1,-1,-1,-1,-1,-1,1,-1,1,1,-1,-1,-1,-1,-1,-1,-1,-1,1,-1,-1,-1,0,-1,-1,-1,-1,-1,1,-1,-1,-1,-1,1,-1,-1,1,1
Dirk Chlench Landesbank BW,0,0,0,0,0,0,0,0,0,0,0,0,0,0,0,0,0,0,0,0,0,0,0,0,0,-1,-1,-1,1,1,-1,-1,-1,-1,-1,-1,1,-1,-1,1,-1,1,-1,1,1,-1,-1,-1,-1,-1,1,1,-1,-1,-1,-1,1,-1,-1,-1,1
Douglas Porter BMO Capital Markets,0,0,0,0,0,0,0,0,0,0,0,0,0,0,0,0,0,0,0,0,0,0,0,0,0,0,0,0,0,0,0,0,0,0,0,0,0,0,0,0,0,0,0,0,0,0,0,0,0,0,0,0,0,0,0,-1,1,-1,-1,1,-1
Douglas Smith Standard Chartered,-1,-1,0,0,0,0,0,0,0,0,0,0,0,0,0,0,0,0,0,0,0,0,0,0,0,0,0,0,0,0,0,0,0,0,0,0,0,0,0,0,0,0,0,0,0,0,0,0,0,0,0,0,0,0,0,0,0,0,0,0,0
Dupuis/Genereux Desjardins Group,-1,-1,1,-1,-1,1,1,-1,1,1,-1,1,-1,-1,1,-1,-1,1,-1,-1,1,1,1,-1,-1,-1,-1,-1,1,-1,-1,-1,-1,-1,-1,-1,-1,-1,-1,1,-1,-1,-1,1,1,-1,-1,-1,-1,-1,1,-1,-1,1,-1,-1,0,-1,-1,1,1
E. Green/M. Mulraine TD Securities,0,-1,1,-1,-1,1,1,-1,-1,0,-1,-1,-1,-1,1,-1,-1,-1,-1,1,1,0,-1,-1,-1,-1,-1,0,1,1,-1,1,-1,-1,-1,-1,-1,-1,-1,1,-1,1,-1,1,1,-1,-1,-1,-1,-1,1,1,-1,1,-1,-1,1,-1,-1,1,1
Ellen Zentner Nomura Securities Intl.,-1,-1,1,-1,-1,1,-1,-1,1,-1,-1,-1,-1,-1,-1,-1,-1,-1,-1,-1,-1,-1,-1,-1,-1,-1,-1,-1,1,-1,-1,1,-1,-1,0,0,0,0,0,0,0,0,0,0,0,0,0,0,0,0,0,0,-1,-1,-1,-1,1,-1,-1,0,0
Ethan Harris BofA Merrill Lynch Research,-1,-1,1,0,0,0,0,0,0,0,0,0,0,0,0,-1,1,-1,-1,-1,-1,-1,-1,-1,-1,-1,-1,-1,1,1,-1,1,-1,-1,-1,-1,-1,-1,-1,1,-1,-1,-1,-1,-1,-1,-1,-1,-1,-1,-1,-1,-1,-1,-1,-1,-1,-1,-1,-1,-1
Francesca Panelli Banca Aletti & C spa,-1,-1,-1,-1,-1,-1,1,-1,1,-1,-1,1,-1,0,-1,0,-1,1,-1,1,1,1,1,-1,-1,0,-1,-1,1,-1,-1,1,-1,-1,-1,-1,-1,-1,-1,-1,-1,-1,-1,-1,1,-1,-1,-1,-1,0,1,-1,-1,-1,-1,-1,0,-1,0,1,-1
Gabriel Casillas Banorte-IXE,0,0,0,0,0,0,0,0,0,0,0,0,0,0,0,0,0,0,0,0,0,0,0,0,0,0,0,0,0,0,0,0,0,0,0,0,0,0,0,0,0,0,0,0,0,0,0,0,0,-1,-1,1,-1,1,-1,-1,1,0,-1,-1,1
Guy Verberne ABN Amro Bank,-1,-1,1,-1,-1,1,1,-1,1,-1,0,-1,-1,1,-1,-1,1,1,-1,-1,-1,-1,-1,-1,0,-1,0,0,0,0,0,0,0,0,0,0,0,0,0,0,0,0,0,0,0,0,0,0,0,0,0,0,0,0,0,0,0,0,0,0,0
Harris/Coffin/Cummins UBS,0,0,0,0,0,0,0,0,0,0,0,0,0,0,0,-1,1,1,-1,1,-1,1,1,-1,-1,-1,-1,-1,1,1,-1,1,1,-1,-1,-1,-1,-1,-1,1,-1,1,-1,1,1,-1,-1,-1,-1,-1,-1,1,-1,1,-1,-1,1,-1,-1,1,1
Heinrich Engelke Landesbank Berlin,-1,-1,-1,-1,-1,1,0,0,0,0,0,0,0,0,0,0,0,0,0,0,0,0,0,0,0,0,0,0,0,0,0,0,0,0,0,0,0,0,0,0,0,0,0,0,0,0,0,0,0,0,0,0,0,0,0,0,0,0,0,0,0
Hiroki Shimazu SMBC Nikko Securities,0,0,0,0,0,0,0,0,0,0,0,0,0,0,0,0,0,0,0,0,0,0,0,0,0,0,0,0,0,0,0,0,0,0,0,-1,0,-1,-1,1,0,0,-1,0,-1,0,-1,-1,-1,-1,-1,1,-1,-1,-1,-1,1,-1,-1,1,1
Hu/Garatti C I T I C Securities,0,0,0,0,0,0,0,0,0,0,0,-1,-1,0,-1,0,-1,0,-1,-1,1,0,0,0,0,0,0,0,0,0,0,0,0,0,0,0,0,0,0,0,0,0,0,0,0,0,0,0,0,0,0,0,0,0,0,0,0,0,0,0,0
Hugh Johnson Hugh Johnson Advisors,0,0,0,0,0,0,0,0,0,0,-1,1,-1,0,-1,0,-1,1,-1,1,1,1,1,-1,-1,-1,-1,-1,1,-1,-1,-1,-1,-1,-1,-1,1,-1,-1,-1,-1,1,-1,-1,0,-1,-1,-1,-1,-1,1,-1,-1,-1,-1,-1,-1,-1,-1,1,-1
Ian Morris HSBC Markets,-1,-1,-1,-1,-1,1,1,-1,1,1,-1,-1,-1,1,1,-1,1,0,0,0,0,0,0,0,0,0,0,0,0,0,0,0,0,0,0,0,0,0,0,0,0,0,0,0,0,0,0,0,0,0,0,0,0,0,0,0,0,0,0,0,0
Ian Shepherdson High Frequency Economics,-1,0,1,-1,-1,1,-1,-1,-1,1,-1,1,-1,0,1,-1,-1,-1,-1,1,-1,-1,0,-1,-1,0,-1,-1,0,1,0,0,0,0,-1,0,-1,0,-1,0,-1,-1,-1,1,0,-1,-1,-1,0,0,0,0,0,0,0,0,0,0,0,0,0
Ian Shepherdson Pantheon Macroeconomics,0,0,0,0,0,0,0,0,0,0,0,0,0,0,0,0,0,0,0,0,0,0,0,0,0,0,0,0,0,0,0,0,0,0,0,0,0,0,0,0,0,0,0,0,0,0,0,0,0,0,0,0,0,0,0,-1,-1,-1,-1,1,0
James Shugg Westpac Banking Co.,-1,-1,1,-1,-1,-1,0,-1,-1,1,-1,1,-1,1,1,-1,1,-1,-1,1,-1,1,1,-1,-1,-1,-1,-1,-1,1,-1,1,1,-1,-1,-1,-1,-1,-1,-1,-1,-1,-1,1,-1,-1,-1,-1,-1,-1,1,1,-1,1,-1,-1,1,-1,-1,0,-1
Jean-Pierre Petit Exane,0,0,0,0,0,0,0,0,0,0,0,0,0,0,0,0,1,1,-1,0,0,0,0,0,0,0,0,0,0,0,0,0,0,0,0,0,0,0,0,0,0,0,0,0,0,0,0,0,0,0,0,0,0,0,0,0,0,0,0,0,0
Jeavon Lolay Lloyds Bank Wbm,0,0,0,0,0,0,0,0,0,0,0,0,0,0,0,0,0,0,0,0,0,0,0,0,0,0,0,0,0,0,0,0,0,0,0,0,0,0,0,0,0,0,0,0,0,0,0,0,-1,-1,1,-1,-1,-1,-1,-1,0,0,0,0,0
Jeffrey Roach Horizon Investments,0,-1,0,-1,-1,0,0,0,-1,0,0,0,0,0,0,0,0,0,0,0,0,0,0,0,0,0,0,0,1,0,0,1,0,0,0,0,0,0,0,0,0,0,0,0,0,0,0,0,0,0,0,0,0,0,0,0,0,0,0,0,0
Jim O'Sullivan High Frequency Economics,-1,-1,-1,-1,-1,-1,-1,-1,1,1,-1,1,-1,1,0,0,1,1,-1,1,1,1,1,-1,-1,-1,-1,-1,1,1,-1,-1,-1,-1,-1,-1,1,-1,-1,-1,0,1,0,1,1,-1,-1,0,-1,-1,1,1,-1,1,-1,-1,1,-1,-1,1,1
Joe Brusuelas Merk Investments,-1,-1,1,-1,-1,0,0,0,0,0,0,0,0,0,0,0,0,0,0,0,0,0,0,0,0,0,0,0,0,0,0,0,0,0,0,0,0,0,0,0,0,0,0,0,0,0,0,0,0,0,0,0,0,0,0,0,0,0,0,0,0
Joe LaVorgna Deutsche Bank Securities,-1,-1,-1,-1,-1,1,1,-1,-1,1,-1,-1,-1,-1,1,-1,-1,1,-1,1,1,-1,1,-1,-1,-1,-1,-1,1,1,-1,1,-1,-1,-1,-1,1,-1,-1,1,-1,1,-1,-1,1,-1,-1,-1,-1,-1,1,1,-1,1,-1,-1,1,-1,-1,1,1
Joerg Angele Raiffeisenbank International,0,0,0,0,0,0,0,0,0,0,0,0,0,0,0,0,0,-1,0,0,0,0,0,0,0,0,0,0,0,0,0,0,0,0,0,0,0,0,0,0,0,0,0,0,0,0,0,0,0,0,0,0,0,0,0,0,0,0,0,0,0
John Calverley Standard Chartered,0,0,-1,-1,0,0,0,0,0,0,0,0,0,0,0,0,0,0,0,0,0,0,0,0,0,0,0,0,0,0,0,0,0,0,0,0,0,0,0,0,0,0,0,0,0,0,0,0,0,0,0,0,0,0,0,0,0,0,0,0,0
John Herrmann Herrmann Forecasting LLC,0,0,0,0,-1,-1,1,-1,-1,1,-1,1,-1,1,1,-1,-1,1,-1,1,1,1,1,-1,-1,-1,-1,-1,-1,1,-1,-1,1,-1,-1,-1,-1,-1,-1,1,-1,1,-1,1,1,0,0,0,0,0,0,0,0,0,0,0,0,0,0,0,0
Joseph Brusuelas Brusuelas Analytics,0,0,0,0,0,0,0,0,0,0,0,0,0,0,0,0,0,0,0,0,0,-1,-1,0,0,0,0,0,0,0,0,0,0,0,0,0,0,0,0,0,0,0,0,0,0,0,0,0,0,0,0,0,0,0,0,0,0,0,0,0,0
Joseph Brusuelas Moody's Economy.com,-1,-1,-1,-1,-1,-1,-1,-1,1,-1,-1,-1,-1,-1,0,-1,1,1,0,0,0,0,0,0,0,0,0,0,0,0,0,0,0,0,0,0,0,0,0,0,0,0,0,0,0,0,0,0,0,0,0,0,0,0,0,0,0,0,0,0,0
Joshua Shapiro Maria Fiorini Ramirez Inc.,0,0,0,0,0,0,0,0,-1,0,0,0,0,0,0,0,0,0,0,0,0,0,0,0,0,0,0,0,0,0,0,0,0,0,0,0,0,0,0,0,0,0,0,0,0,0,0,0,0,0,0,0,0,0,0,0,0,0,0,0,0
Julia Coronado BNP Paribas,0,0,0,0,0,0,0,0,0,0,0,0,0,0,0,0,0,0,0,0,0,0,0,0,0,0,0,0,0,-1,-1,1,1,-1,-1,-1,1,-1,-1,-1,-1,1,-1,1,-1,-1,-1,-1,-1,-1,1,-1,-1,-1,-1,-1,-1,-1,-1,1,-1
Julian Jessop Capital Economics,0,0,0,0,0,0,0,0,0,0,0,-1,-1,1,1,-1,1,-1,-1,0,0,0,0,0,0,0,0,0,0,0,0,0,0,0,0,0,0,0,0,0,0,0,0,0,0,0,0,0,0,0,0,0,0,0,0,0,0,0,0,0,0
Julie Crawford Bayerische Landesbank,0,0,0,0,0,0,0,0,0,0,0,0,0,0,1,-1,0,0,-1,0,1,0,0,0,0,0,0,0,0,0,0,0,0,0,0,0,0,0,0,0,0,0,0,0,0,0,0,0,0,0,0,0,0,0,0,0,0,0,0,0,0
Ken Mayland ClearView Economics,0,-1,0,0,0,0,0,0,1,-1,-1,-1,-1,-1,-1,0,1,1,-1,1,-1,1,-1,-1,0,-1,-1,-1,1,1,0,1,1,-1,-1,-1,0,-1,-1,1,-1,1,-1,1,1,-1,-1,-1,-1,-1,-1,1,-1,-1,-1,-1,1,-1,-1,1,1
Kenneth Broux Lloyds TSB,-1,-1,1,-1,-1,0,1,-1,-1,-1,-1,0,0,0,0,0,0,0,0,0,0,0,0,0,0,0,0,0,0,0,0,0,0,0,0,0,0,0,0,0,0,0,0,0,0,0,0,0,0,0,0,0,0,0,0,0,0,0,0,0,0
Kevin Harris Informa Global Markets,0,-1,1,0,-1,0,-1,-1,-1,0,-1,-1,-1,-1,-1,-1,1,-1,-1,-1,-1,0,-1,-1,-1,-1,-1,-1,-1,1,-1,-1,-1,-1,-1,-1,-1,-1,0,-1,-1,1,0,0,1,-1,-1,-1,-1,-1,1,-1,-1,-1,-1,-1,-1,-1,-1,-1,-1
Kevin Logan Dresdner Kleinwort,-1,-1,1,-1,-1,-1,-1,0,0,0,0,0,0,0,0,0,0,0,0,0,0,0,0,0,0,0,0,0,0,0,0,0,0,0,0,0,0,0,0,0,0,0,0,0,0,0,0,0,0,0,0,0,0,0,0,0,0,0,0,0,0
Knightley/Carnell/Brosens ING Financial Markets,-1,-1,-1,0,0,0,-1,0,0,1,-1,0,-1,1,1,-1,-1,1,-1,1,1,1,-1,-1,0,-1,-1,-1,1,0,0,0,1,-1,-1,-1,1,-1,-1,1,-1,1,0,-1,1,-1,-1,-1,-1,-1,1,-1,0,-1,-1,-1,1,-1,-1,1,-1
Laura Cavallaro Aletti Gestielle,0,0,0,0,0,0,0,0,0,0,0,0,0,0,0,0,0,0,0,0,0,0,0,0,0,0,0,0,0,0,0,0,0,0,0,0,0,0,0,0,-1,-1,-1,-1,1,-1,-1,-1,0,0,1,0,-1,1,0,0,0,0,0,0,0
Lena Komileva Tullett Prebon,0,-1,0,-1,-1,-1,0,-1,1,1,-1,1,0,0,1,0,0,0,0,1,1,0,1,-1,0,0,0,0,0,-1,0,0,0,0,0,0,0,0,0,0,0,0,0,0,0,0,0,0,0,0,0,0,0,0,0,0,0,0,0,0,0
Littleton/Sloan Thomson Reuters/IFR,-1,-1,1,-1,-1,1,1,-1,1,-1,-1,-1,-1,1,-1,-1,-1,1,-1,-1,1,1,-1,-1,-1,-1,-1,-1,-1,1,-1,-1,-1,0,0,0,0,0,0,0,0,0,0,0,0,0,0,0,0,0,0,0,0,0,0,0,0,0,0,0,0
Markus Schomer PineBridge Investments,-1,-1,0,0,-1,1,1,-1,1,1,-1,1,-1,-1,1,-1,1,0,-1,-1,-1,0,-1,-1,-1,-1,-1,-1,1,-1,0,-1,1,-1,-1,0,1,-1,-1,0,-1,-1,-1,1,1,-1,0,-1,0,-1,-1,-1,0,-1,-1,-1,0,0,-1,0,1
Matteo Radaelli Hammer Partners SA,0,0,0,0,0,0,0,0,0,0,0,0,0,0,0,0,0,0,0,0,0,0,0,0,0,0,0,0,0,0,0,0,0,0,0,0,0,0,0,0,0,0,0,0,0,0,0,0,0,0,0,0,-1,-1,-1,-1,-1,-1,-1,0,0
Matthias Huth Landesbank BW,0,-1,-1,-1,0,0,1,-1,0,-1,-1,0,-1,0,-1,-1,-1,-1,-1,-1,1,-1,-1,-1,-1,0,0,0,0,0,0,0,0,0,0,0,0,0,0,0,0,0,0,0,0,0,0,0,0,0,0,0,0,0,0,0,0,0,0,0,0
Max Clarke IDEAglobal,-1,-1,1,-1,-1,-1,1,-1,1,-1,-1,0,-1,1,-1,-1,1,1,-1,1,1,1,1,-1,-1,-1,-1,-1,1,1,-1,1,1,-1,-1,-1,-1,-1,-1,1,-1,1,-1,1,1,-1,-1,-1,-1,-1,1,1,-1,-1,-1,-1,-1,-1,-1,1,1
Michael Carey Credit Agricole CIB,-1,-1,1,0,-1,0,1,-1,-1,1,-1,-1,-1,1,-1,-1,1,1,-1,1,-1,1,1,-1,-1,-1,0,-1,1,1,-1,0,1,-1,-1,-1,-1,-1,-1,-1,-1,0,-1,0,0,-1,-1,-1,-1,-1,-1,-1,-1,-1,-1,-1,-1,-1,-1,1,1
Michael Feroli J.P. Morgan Chase,-1,-1,-1,-1,-1,-1,-1,-1,1,1,-1,1,-1,1,1,-1,1,1,-1,-1,1,-1,-1,-1,-1,-1,-1,-1,-1,1,-1,-1,1,-1,-1,-1,-1,-1,-1,0,-1,-1,-1,-1,-1,-1,-1,-1,-1,-1,1,1,-1,1,-1,-1,1,-1,-1,-1,1
Mickey Levy Banc of America Securities,-1,-1,-1,-1,-1,1,0,0,0,0,0,0,0,0,0,0,0,0,0,0,0,0,0,0,0,0,0,0,0,0,0,0,0,0,0,0,0,0,0,0,0,0,0,0,0,0,0,0,0,0,0,0,0,0,0,0,0,0,0,0,0
Mike Englund Action Economics,-1,-1,1,-1,-1,1,-1,-1,1,1,-1,-1,-1,1,-1,-1,1,-1,-1,1,1,-1,-1,-1,-1,-1,-1,-1,-1,-1,-1,-1,1,-1,-1,-1,1,-1,-1,1,-1,1,-1,1,1,-1,-1,-1,-1,-1,1,-1,-1,1,-1,-1,-1,-1,-1,-1,-1
Nariman Behravesh IHS Global Insight,0,0,0,0,0,0,0,0,0,0,0,0,0,0,0,0,0,0,0,0,0,0,0,0,0,0,0,0,0,0,0,0,0,0,0,0,0,0,0,0,0,0,0,0,-1,-1,0,-1,-1,-1,-1,-1,-1,1,-1,-1,1,-1,-1,-1,-1
Nathaniel Karp BBVA,-1,-1,0,0,0,0,0,-1,-1,-1,-1,-1,-1,-1,-1,0,1,-1,-1,-1,1,1,-1,-1,-1,-1,-1,-1,-1,-1,-1,-1,1,-1,-1,-1,-1,-1,-1,1,-1,-1,0,-1,-1,-1,-1,-1,-1,-1,-1,-1,-1,1,-1,-1,-1,-1,-1,1,-1
Neil Dutta Renaissance Macro Research,0,0,0,0,0,0,0,0,0,0,0,0,0,0,0,0,0,0,0,0,0,0,0,0,0,0,0,0,0,0,0,0,0,0,0,0,0,0,0,0,0,0,0,0,0,0,0,0,-1,-1,-1,-1,-1,1,-1,0,1,0,0,0,0
P. Ashworth/P. Dales Capital Economics,0,0,0,0,0,0,0,0,0,0,0,0,0,0,0,0,0,0,0,0,0,0,1,-1,-1,-1,-1,-1,1,-1,-1,1,1,-1,-1,-1,1,-1,-1,-1,-1,1,-1,1,1,-1,-1,-1,-1,-1,-1,-1,-1,-1,-1,-1,-1,-1,-1,1,-1
P. de Bruin/M. Cabezas ABN Amro Inc.,0,0,0,0,0,0,0,0,0,0,0,0,0,0,0,0,0,0,0,0,0,0,0,0,0,0,-1,-1,-1,1,-1,1,1,-1,-1,-1,1,-1,-1,-1,-1,1,-1,-1,-1,-1,-1,-1,-1,-1,1,-1,-1,1,-1,-1,1,-1,-1,1,1
Patrick Franke Helaba,0,0,0,0,0,1,1,-1,1,1,-1,1,-1,1,1,-1,1,1,-1,1,-1,1,1,-1,-1,-1,-1,-1,1,-1,-1,-1,-1,-1,-1,-1,1,-1,-1,-1,-1,1,-1,1,1,-1,-1,-1,-1,-1,1,1,-1,1,-1,-1,1,-1,-1,1,1
Peter D'Antonio Citi,-1,-1,1,-1,-1,-1,-1,-1,0,-1,-1,-1,-1,1,1,-1,-1,-1,-1,0,-1,1,1,-1,0,-1,-1,-1,1,-1,-1,-1,-1,-1,-1,-1,1,-1,-1,-1,-1,1,-1,1,1,-1,-1,-1,-1,-1,-1,-1,-1,-1,-1,-1,-1,-1,-1,-1,-1
Peter Morici University of Maryland,0,0,0,0,0,0,0,0,0,0,0,0,0,0,0,0,0,0,0,0,0,0,0,0,0,0,0,0,1,-1,-1,-1,1,-1,-1,-1,1,-1,-1,1,-1,1,-1,-1,-1,-1,-1,-1,-1,-1,1,-1,-1,1,-1,-1,-1,-1,-1,1,-1
Pierre-Olivier Beffy Exane,0,0,0,0,0,0,0,0,0,0,0,0,0,0,0,0,0,0,0,1,1,1,0,-1,0,-1,0,0,1,-1,-1,1,0,0,-1,0,1,-1,-1,-1,-1,-1,-1,-1,1,-1,-1,-1,-1,-1,1,1,-1,1,-1,0,0,0,0,0,0
Possing/Roed-Frederiksen Danske Bank,-1,-1,1,-1,0,1,1,-1,1,1,-1,1,0,1,1,-1,1,1,-1,1,1,1,1,0,0,-1,-1,-1,0,0,0,0,0,0,0,0,0,0,0,0,0,0,0,0,0,0,0,0,0,0,0,0,0,0,0,0,0,0,0,0,0
Rhys Herbert Lloyds Tsb Bank Plc,0,0,0,0,0,0,0,0,0,0,0,0,0,0,0,0,0,0,0,0,0,0,0,0,0,0,0,0,0,0,0,0,0,0,0,0,0,0,0,0,0,0,0,0,0,0,0,0,0,0,0,0,0,0,0,0,1,-1,-1,1,1
Richard DeKaser National City Bank,-1,-1,-1,-1,-1,-1,-1,0,0,0,0,0,0,0,0,0,0,0,0,0,0,0,0,0,0,0,0,0,0,0,0,0,0,0,0,0,0,0,0,0,0,0,0,0,0,0,0,0,0,0,0,0,0,0,0,0,0,0,0,0,0
Richard DeKaser Parthenon Group,0,0,0,0,0,0,0,0,0,0,0,0,-1,0,1,-1,1,-1,-1,1,-1,-1,1,-1,-1,-1,-1,-1,0,0,0,0,-1,-1,-1,0,-1,-1,-1,-1,-1,1,-1,-1,-1,-1,-1,-1,0,0,0,0,0,0,0,0,0,0,0,0,0
Richard Yamarone Argus Research Corp.,-1,-1,1,-1,-1,1,1,-1,-1,1,-1,1,-1,-1,-1,-1,0,0,0,0,0,0,0,0,0,0,0,0,0,0,0,0,0,0,0,0,0,0,0,0,0,0,0,0,0,0,0,0,0,0,0,0,0,0,0,0,0,0,0,0,0
Robert Brusca Fact & Opinion Economics,0,0,0,0,0,0,0,0,0,0,0,0,0,0,0,0,0,0,0,0,0,0,0,0,0,0,0,0,0,0,-1,1,1,-1,-1,0,0,-1,-1,1,-1,1,0,1,-1,-1,-1,-1,-1,0,1,0,0,0,0,-1,0,0,-1,0,0
Russell Price Ameriprise Financial Inc,0,-1,1,-1,0,1,1,-1,1,-1,-1,1,-1,1,1,-1,0,1,-1,-1,-1,-1,1,-1,-1,-1,-1,-1,1,1,-1,-1,-1,-1,-1,-1,1,0,-1,1,-1,1,-1,1,-1,-1,-1,-1,-1,-1,0,1,-1,1,-1,-1,1,-1,-1,0,-1
Ryan Wang HSBC Markets,0,0,0,0,0,0,0,0,0,0,0,0,0,0,0,0,0,-1,-1,-1,-1,1,-1,-1,-1,-1,-1,0,1,-1,-1,1,0,-1,0,-1,1,-1,-1,-1,-1,0,-1,1,-1,-1,-1,-1,-1,-1,1,1,0,1,-1,-1,-1,-1,-1,1,1
Scott Anderson Bank of the West,-1,-1,1,-1,0,1,-1,-1,1,1,-1,-1,0,0,0,0,0,0,0,0,0,0,0,0,0,0,0,0,0,0,0,0,0,0,0,0,0,0,0,0,0,0,0,0,0,0,0,0,0,0,-1,-1,-1,1,0,-1,-1,-1,-1,-1,-1
Scott Brown Raymond James,0,0,0,0,0,0,0,0,0,0,0,0,0,0,0,0,0,0,0,0,0,1,0,0,0,0,0,0,0,0,0,0,0,0,-1,0,1,0,-1,1,-1,-1,-1,1,-1,-1,-1,0,-1,-1,-1,-1,-1,1,-1,-1,-1,-1,-1,1,-1
Sherry Cooper BMO Capital Markets,-1,-1,1,-1,-1,-1,1,-1,1,1,-1,1,-1,-1,1,-1,-1,-1,-1,1,1,1,1,-1,-1,-1,-1,-1,1,-1,-1,0,1,-1,-1,-1,1,0,-1,1,0,1,0,1,1,-1,-1,-1,-1,0,0,-1,-1,1,-1,0,0,0,0,0,0
Signe Roed-Frederiksen Danske Bank A/S,0,0,0,0,0,0,0,0,0,0,0,0,0,0,0,0,0,0,0,0,0,0,0,0,0,0,0,0,0,0,-1,1,-1,0,0,0,0,0,0,0,0,0,0,0,0,0,0,0,0,0,0,0,-1,1,-1,0,0,0,0,0,0
Sloan/Incremona 4CAST Ltd.,0,0,0,0,0,0,0,0,0,0,0,0,0,0,0,0,0,0,0,0,0,0,0,0,0,0,0,0,0,-1,-1,1,-1,-1,-1,-1,1,-1,-1,-1,-1,1,-1,1,1,-1,-1,-1,-1,-1,1,1,-1,1,-1,-1,1,-1,-1,1,1
Smith/Sweet Moody's Analytics,0,0,0,0,0,0,0,0,0,0,0,0,0,0,0,0,0,0,-1,-1,1,-1,1,-1,-1,-1,-1,-1,-1,-1,-1,-1,1,-1,-1,-1,-1,-1,-1,-1,-1,1,-1,0,-1,-1,-1,-1,-1,-1,-1,-1,-1,1,-1,-1,-1,-1,-1,-1,-1
Stephen Gallagher Societe Generale,0,-1,-1,-1,-1,1,1,-1,1,0,-1,1,-1,1,1,-1,1,1,-1,1,1,1,1,0,-1,0,-1,-1,0,0,0,0,0,0,0,0,0,0,0,0,0,0,0,0,0,0,0,0,0,0,0,0,0,0,0,0,0,0,0,0,0
Stephen Gallo Schneider Foreign Exchange,-1,-1,1,-1,-1,0,1,-1,0,0,0,0,0,0,0,0,0,0,0,0,0,0,0,0,0,0,0,0,0,0,0,0,0,0,0,0,0,0,0,0,0,0,0,0,0,0,0,0,0,0,0,0,0,0,0,0,0,0,0,0,0
Steven Ricchiuto Mizuho Securities,0,0,0,0,0,-1,1,0,0,-1,-1,1,-1,0,0,-1,-1,0,-1,-1,0,-1,-1,-1,0,0,-1,-1,-1,0,-1,0,-1,0,-1,-1,1,-1,-1,-1,-1,0,-1,-1,1,-1,-1,-1,-1,-1,-1,-1,0,0,-1,0,-1,-1,0,-1,1
Steven Wood Insight Economics,-1,-1,1,-1,-1,-1,-1,-1,-1,-1,-1,1,-1,1,-1,-1,-1,-1,0,-1,1,1,-1,-1,-1,-1,0,0,1,-1,-1,-1,0,-1,-1,-1,-1,-1,-1,-1,-1,1,-1,0,1,-1,-1,0,-1,-1,-1,-1,-1,1,0,0,0,0,0,0,0
T. Costerg/S. Weng Standard Chartered Bank,0,0,0,0,0,0,0,0,0,0,0,0,0,0,0,0,0,0,0,0,0,0,0,0,0,0,0,0,0,0,0,0,0,0,0,0,0,0,0,0,0,0,0,0,0,0,0,0,0,0,0,0,0,0,0,-1,1,-1,-1,1,-1
Tom Porcelli RBC Capital Markets,0,0,0,0,0,0,0,0,0,0,0,0,0,0,0,0,0,0,0,0,0,0,0,0,0,-1,-1,-1,-1,1,0,1,-1,-1,-1,-1,1,-1,-1,1,-1,-1,-1,-1,-1,-1,-1,-1,-1,-1,-1,1,-1,-1,-1,-1,-1,-1,-1,-1,1
Toru Shimano Okasan Securities,0,-1,0,0,0,0,0,0,0,0,0,0,0,0,0,0,0,0,0,0,0,0,0,0,0,0,0,0,0,0,0,0,0,0,0,0,0,0,0,0,0,0,0,0,0,0,0,0,0,0,0,0,0,0,0,0,0,0,0,0,0
Uwe Duerkop Landesbank Berlin,0,0,0,0,0,0,-1,-1,1,-1,-1,-1,0,1,1,-1,-1,-1,0,-1,1,-1,-1,-1,-1,-1,-1,-1,-1,-1,-1,-1,0,-1,-1,-1,1,-1,-1,1,-1,1,-1,1,-1,-1,-1,-1,-1,0,-1,-1,-1,1,-1,-1,1,-1,-1,1,-1
Ward McCarthy Jefferies LLC,0,0,0,0,0,0,0,0,0,0,0,0,0,0,1,-1,0,-1,-1,1,1,1,-1,-1,-1,-1,-1,-1,1,1,-1,-1,-1,-1,-1,0,1,0,-1,1,0,1,-1,0,-1,-1,-1,-1,-1,-1,-1,1,-1,-1,-1,-1,1,-1,-1,-1,-1
Weidensteiner/Balz Commerzbank AG,-1,-1,1,-1,-1,-1,1,-1,-1,-1,-1,1,-1,1,1,-1,1,-1,-1,1,1,-1,-1,0,-1,-1,-1,-1,-1,1,-1,-1,0,-1,-1,-1,1,-1,-1,-1,-1,0,-1,1,-1,-1,-1,-1,-1,-1,1,1,-1,-1,-1,-1,1,-1,-1,-1,1
Wesbury/Stein First Trust Advisors,-1,-1,-1,-1,-1,1,-1,-1,1,1,-1,1,-1,1,1,-1,-1,1,-1,1,1,1,1,-1,-1,-1,-1,-1,1,-1,-1,1,1,-1,-1,-1,-1,-1,-1,-1,-1,1,-1,1,-1,-1,-1,-1,-1,-1,-1,1,-1,1,-1,-1,-1,-1,-1,-1,1
"William Jordan Ried, Thunberg & Co.",-1,0,-1,-1,-1,1,0,-1,-1,0,-1,0,-1,1,0,-1,-1,-1,-1,0,1,0,1,0,-1,0,0,0,0,0,0,0,0,0,0,0,0,0,0,0,0,0,0,0,0,0,0,0,0,0,0,0,0,0,0,0,0,0,0,0,0
